acteurs,annee,description,duree,genre,pays,score,titre,titre_original,url
"Tim Robbins,Morgan Freeman,Bob Gunton",1994,"Over the course of several years, two convicts form a friendship, seeking consolation and, eventually, redemption through basic compassion.",2h 22m,Drama,United States,9.3,The Shawshank Redemption,,https://www.imdb.com//title/tt0111161/?ref_=chttp_i_1
"Daveigh Chase,Suzanne Pleshette,Miyu Irino",2001,"During her family's move to the suburbs, a sullen 10-year-old girl wanders into a world ruled by gods, witches and spirits, a world where humans are changed into beasts.",2h 5m,"Animation,Adventure,Family",Japan,8.6,Spirited Away,Original title: Sen to Chihiro no kamikakushi,https://www.imdb.com//title/tt0245429/?ref_=chttp_i_32
"Russell Crowe,Joaquin Phoenix,Connie Nielsen",2000,A former Roman General sets out to exact vengeance against the corrupt emperor who murdered his family and sent him into slavery.,2h 35m,"Action,Adventure,Drama",United States,8.5,Gladiator,,https://www.imdb.com//title/tt0172495/?ref_=chttp_i_37
"Song Kang-ho,Lee Sun-kyun,Cho Yeo-jeong",2019,Greed and class discrimination threaten the newly formed symbiotic relationship between the wealthy Park family and the destitute Kim clan.,2h 12m,"Drama,Thriller",South Korea,8.5,Parasite,Original title: Gisaengchung,https://www.imdb.com//title/tt6751668/?ref_=chttp_i_34
"Michael J. Fox,Christopher Lloyd,Lea Thompson",1985,"Marty McFly, a 17-year-old high school student, is accidentally sent 30 years into the past in a time-traveling DeLorean invented by his close friend, the maverick scientist Doc Brown.",1h 56m,"Adventure,Comedy,Sci-Fi",United States,8.5,Back to the Future,,https://www.imdb.com//title/tt0088763/?ref_=chttp_i_31
"Adrien Brody,Thomas Kretschmann,Frank Finlay",2002,"During WWII, acclaimed Polish musician Wladyslaw faces various struggles as he loses contact with his family. As the situation worsens, he hides in the ruins of Warsaw in order to survive.",2h 30m,"Biography,Drama,Music",France,8.5,The Pianist,,https://www.imdb.com//title/tt0253474/?ref_=chttp_i_33
"Anthony Perkins,Janet Leigh,Vera Miles",1960,"A Phoenix secretary embezzles $40,000 from her employer's client, goes on the run and checks into a remote motel run by a young man under the domination of his mother.",1h 49m,"Horror,Mystery,Thriller",United States,8.5,Psycho,,https://www.imdb.com//title/tt0054215/?ref_=chttp_i_36
"Shameik Moore,Hailee Steinfeld,Brian Tyree Henry",2023,"Miles Morales catapults across the multiverse, where he encounters a team of Spider-People charged with protecting its very existence. When the heroes clash on how to handle a new threat, Mi...",2h 20m,"Animation,Action,Adventure",United States,8.6,Spider-Man: Across the Spider-Verse,,https://www.imdb.com//title/tt9362722/?ref_=chttp_i_35
"Mark Hamill,Harrison Ford,Carrie Fisher",1977,"Luke Skywalker joins forces with a Jedi Knight, a cocky pilot, a Wookiee and two droids to save the galaxy from the Empire's world-destroying battle station, while also attempting to rescue ...",2h 1m,"Action,Adventure,Fantasy",United States,8.6,Star Wars: Episode IV - A New Hope,Original title: Star Wars,https://www.imdb.com//title/tt0076759/?ref_=chttp_i_30
"Tom Hanks,Michael Clarke Duncan,David Morse",1999,"A tale set on death row, where gentle giant John Coffey possesses the mysterious power to heal people's ailments. When the lead guard, Paul Edgecombe, recognizes John's gift, he tries to hel...",3h 9m,"Crime,Drama,Fantasy",United States,8.6,The Green Mile,,https://www.imdb.com//title/tt0120689/?ref_=chttp_i_28
"Arnold Schwarzenegger,Linda Hamilton,Edward Furlong",1991,"A cyborg, identical to the one who failed to kill Sarah Connor, must now protect her ten year old son John from an even more advanced and powerful cyborg.",2h 17m,"Action,Adventure,Sci-Fi",United States,8.6,Terminator 2: Judgment Day,,https://www.imdb.com//title/tt0103064/?ref_=chttp_i_29
"Jodie Foster,Anthony Hopkins,Scott Glenn",1991,"A young F.B.I. cadet must receive the help of an incarcerated and manipulative cannibal killer to help catch another serial killer, a madman who skins his victims.",1h 58m,"Crime,Drama,Thriller",United States,8.6,The Silence of the Lambs,,https://www.imdb.com//title/tt0102926/?ref_=chttp_i_24
"Toshirô Mifune,Takashi Shimura,Keiko Tsushima",1954,"Farmers from a village exploited by bandits hire a veteran samurai for protection, who gathers six other samurai to join him.",3h 27m,"Action,Drama",Japan,8.6,Seven Samurai,Original title: Shichinin no samurai,https://www.imdb.com//title/tt0047478/?ref_=chttp_i_23
"Roberto Benigni,Nicoletta Braschi,Giorgio Cantarini",1997,"When an open-minded Jewish waiter and his son become victims of the Holocaust, he uses a perfect mixture of will, humor and imagination to protect his son from the dangers around their camp.",1h 56m,"Comedy,Drama,Romance",Italy,8.6,Life Is Beautiful,Original title: La vita è bella,https://www.imdb.com//title/tt0118799/?ref_=chttp_i_27
"Alexandre Rodrigues,Leandro Firmino,Matheus Nachtergaele",2002,"In the slums of Rio, two kids' paths diverge as one struggles to become a photographer and the other a kingpin.",2h 10m,"Crime,Drama",Brazil,8.6,City of God,Original title: Cidade de Deus,https://www.imdb.com//title/tt0317248/?ref_=chttp_i_26
"Ajay Devgn,Shriya Saran,Tabu",2015,"Desperate measures are taken by a man who tries to save his family from the dark side of the law, after they commit an unexpected crime.",2h 43m,"Crime,Drama,Mystery",India,8.2,Drishyam,,https://www.imdb.com//title/tt4430212/?ref_=chttp_i_250
"Scott Weinger,Robin Williams,Linda Larkin",1992,A kind-hearted street urchin and a power-hungry Grand Vizier vie for a magic lamp that has the power to make their deepest wishes come true.,1h 30m,"Animation,Adventure,Comedy",United States,8.0,Aladdin,,https://www.imdb.com//title/tt0103639/?ref_=chttp_i_249
"Clark Gable,Claudette Colbert,Walter Connolly",1934,"A renegade reporter trailing a young runaway heiress for a big story joins her on a bus heading from Florida to New York, and they end up stuck with each other when the bus leaves them behin...",1h 45m,"Comedy,Romance",United States,8.1,It Happened One Night,,https://www.imdb.com//title/tt0025316/?ref_=chttp_i_247
"Tom Hanks,Matt Damon,Tom Sizemore",1998,"Following the Normandy Landings, a group of U.S. soldiers go behind enemy lines to retrieve a paratrooper whose brothers have been killed in action.",2h 49m,"Drama,War",United States,8.6,Saving Private Ryan,,https://www.imdb.com//title/tt0120815/?ref_=chttp_i_25
"Viola Davis,Emma Stone,Octavia Spencer",2011,"An aspiring author during the civil rights movement of the 1960s decides to write a book detailing the African American maids' point of view on the white families for which they work, and th...",2h 26m,Drama,United States,8.1,The Help,,https://www.imdb.com//title/tt1454029/?ref_=chttp_i_246
"Paul Newman,George Kennedy,Strother Martin",1967,"A laid-back Southern man is sentenced to two years in a rural prison, but refuses to conform.",2h 7m,"Crime,Drama",United States,8.1,Cool Hand Luke,,https://www.imdb.com//title/tt0061512/?ref_=chttp_i_244
"Kevin Costner,Mary McDonnell,Graham Greene",1990,"Lieutenant John Dunbar, assigned to a remote western Civil War outpost, finds himself engaging with a neighbouring Sioux settlement, causing him to question his own purpose.",3h 1m,"Adventure,Drama,Western",United States,8.0,Dances with Wolves,,https://www.imdb.com//title/tt0099348/?ref_=chttp_i_248
"Laurence Olivier,Joan Fontaine,George Sanders",1940,A self-conscious woman juggles adjusting to her new role as an aristocrat's wife and avoiding being intimidated by his first wife's spectral presence.,2h 10m,"Drama,Mystery,Romance",United States,8.1,Rebecca,,https://www.imdb.com//title/tt0032976/?ref_=chttp_i_243
"Emilio Echevarría,Gael García Bernal,Goya Toledo",2000,"An amateur dog fighter, a supermodel, and a derelict assassin, all separately struggling to find love, find their lives transformed by a devastating car wreck in Mexico City.",2h 34m,"Drama,Thriller",Mexico,8.1,Amores Perros,Original title: Amores perros,https://www.imdb.com//title/tt0245712/?ref_=chttp_i_242
"Eli Marienthal,Harry Connick Jr.,Jennifer Aniston",1999,A young boy befriends a giant robot from outer space that a paranoid government agent wants to destroy.,1h 26m,"Animation,Action,Adventure",United States,8.1,The Iron Giant,,https://www.imdb.com//title/tt0129167/?ref_=chttp_i_245
"Brahim Hadjadj,Jean Martin,Yacef Saadi",1966,"In the 1950s, fear and violence escalate as the people of Algiers fight for independence from the French government.",2h 1m,"Drama,War",Italy,8.1,The Battle of Algiers,Original title: La battaglia di Algeri,https://www.imdb.com//title/tt0058946/?ref_=chttp_i_240
"Carole Lombard,Jack Benny,Robert Stack",1942,"During the German occupation of Poland, an acting troupe becomes embroiled in a Polish soldier's efforts to track down a German spy.",1h 39m,"Comedy,Romance,War",United States,8.1,To Be or Not to Be,,https://www.imdb.com//title/tt0035446/?ref_=chttp_i_238
"Henry Fonda,Jane Darwell,John Carradine",1940,"An Oklahoma family, driven off their farm by the poverty and hopelessness of the Dust Bowl, joins the westward migration to California, suffering the misfortunes of the homeless in the Great...",2h 9m,Drama,United States,8.1,The Grapes of Wrath,,https://www.imdb.com//title/tt0032551/?ref_=chttp_i_239
"Kim Min-hee,Ha Jung-woo,Cho Jin-woong",2016,"A woman is hired as a handmaiden to a Japanese heiress, but secretly she is involved in a plot to defraud her.",2h 25m,"Drama,Romance,Thriller",South Korea,8.1,The Handmaiden,Original title: Ah-ga-ssi,https://www.imdb.com//title/tt4016934/?ref_=chttp_i_236
"Bill Murray,Andie MacDowell,Chris Elliott",1993,"A narcissistic, self-centered weatherman finds himself in a time loop on Groundhog Day.",1h 41m,"Comedy,Drama,Fantasy",United States,8.0,Groundhog Day,,https://www.imdb.com//title/tt0107048/?ref_=chttp_i_241
"Julie Andrews,Christopher Plummer,Eleanor Parker",1965,A young novice is sent by her convent in 1930s Austria to become a governess to the seven children of a widowed naval officer.,2h 52m,"Biography,Drama,Family",United States,8.1,The Sound of Music,,https://www.imdb.com//title/tt0059742/?ref_=chttp_i_237
"Emile Hirsch,Vince Vaughn,Catherine Keener",2007,"After graduating from Emory University, top student and athlete Christopher McCandless abandons his possessions, gives his entire $24,000 savings account to charity and hitchhikes to Alaska ...",2h 28m,"Adventure,Biography,Drama",United States,8.1,Into the Wild,,https://www.imdb.com//title/tt0758758/?ref_=chttp_i_235
"Çetin Tekindor,Fikret Kuskan,Hümeyra",2005,The family of a left-wing journalist is torn apart after the military coup of Turkey in 1980.,1h 52m,"Drama,Family",Turkey,8.2,My Father and My Son,Original title: Babam ve Oglum,https://www.imdb.com//title/tt0476735/?ref_=chttp_i_234
"Richard Gere,Joan Allen,Cary-Hiroyuki Tagawa",2009,"Professor Wilson discovers a lost Akita puppy on his way home. Despite objections from his wife, Hachi endears himself to the family and grows to be Parker's loyal companion. As their bond g...",1h 33m,"Biography,Drama,Family",United Kingdom,8.1,Hachi: A Dog's Tale,,https://www.imdb.com//title/tt1028532/?ref_=chttp_i_233
"Craig T. Nelson,Samuel L. Jackson,Holly Hunter",2004,"While trying to lead a quiet suburban life, a family of undercover superheroes are forced into action to save the world.",1h 55m,"Animation,Action,Adventure",United States,8.0,The Incredibles,,https://www.imdb.com//title/tt0317705/?ref_=chttp_i_232
"Judy Garland,Frank Morgan,Ray Bolger",1939,"Young Dorothy Gale and her dog Toto are swept away by a tornado from their Kansas farm to the magical Land of Oz, and embark on a quest with three new friends to see the Wizard, who can retu...",1h 42m,"Adventure,Family,Fantasy",United States,8.1,The Wizard of Oz,,https://www.imdb.com//title/tt0032138/?ref_=chttp_i_231
"Wil Wheaton,River Phoenix,Corey Feldman",1986,A writer recounts a childhood journey with his friends to find the body of a missing boy.,1h 29m,"Adventure,Comedy,Drama",United States,8.1,Stand by Me,,https://www.imdb.com//title/tt0092005/?ref_=chttp_i_230
"Faye Dunaway,William Holden,Peter Finch",1976,"A television network cynically exploits a deranged former anchor's ravings and revelations about the news media for its own profit, but finds that his message may be difficult to control.",2h 1m,Drama,United States,8.1,Network,,https://www.imdb.com//title/tt0074958/?ref_=chttp_i_229
acteurs,annee,description,duree,genre,pays,score,titre,titre_original,url
"Song Kang-ho,Lee Sun-kyun,Cho Yeo-jeong",2019,Greed and class discrimination threaten the newly formed symbiotic relationship between the wealthy Park family and the destitute Kim clan.,2h 12m,"Drama,Thriller",South Korea,8.5,Parasite,Original title: Gisaengchung,https://www.imdb.com//title/tt6751668/?ref_=chttp_i_34
"Tim Robbins,Morgan Freeman,Bob Gunton",1994,"Over the course of several years, two convicts form a friendship, seeking consolation and, eventually, redemption through basic compassion.",2h 22m,Drama,United States,9.3,The Shawshank Redemption,,https://www.imdb.com//title/tt0111161/?ref_=chttp_i_1
"Daveigh Chase,Suzanne Pleshette,Miyu Irino",2001,"During her family's move to the suburbs, a sullen 10-year-old girl wanders into a world ruled by gods, witches and spirits, a world where humans are changed into beasts.",2h 5m,"Animation,Adventure,Family",Japan,8.6,Spirited Away,Original title: Sen to Chihiro no kamikakushi,https://www.imdb.com//title/tt0245429/?ref_=chttp_i_32
"Mark Hamill,Harrison Ford,Carrie Fisher",1977,"Luke Skywalker joins forces with a Jedi Knight, a cocky pilot, a Wookiee and two droids to save the galaxy from the Empire's world-destroying battle station, while also attempting to rescue ...",2h 1m,"Action,Adventure,Fantasy",United States,8.6,Star Wars: Episode IV - A New Hope,Original title: Star Wars,https://www.imdb.com//title/tt0076759/?ref_=chttp_i_30
"Adrien Brody,Thomas Kretschmann,Frank Finlay",2002,"During WWII, acclaimed Polish musician Wladyslaw faces various struggles as he loses contact with his family. As the situation worsens, he hides in the ruins of Warsaw in order to survive.",2h 30m,"Biography,Drama,Music",France,8.5,The Pianist,,https://www.imdb.com//title/tt0253474/?ref_=chttp_i_33
"Arnold Schwarzenegger,Linda Hamilton,Edward Furlong",1991,"A cyborg, identical to the one who failed to kill Sarah Connor, must now protect her ten year old son John from an even more advanced and powerful cyborg.",2h 17m,"Action,Adventure,Sci-Fi",United States,8.6,Terminator 2: Judgment Day,,https://www.imdb.com//title/tt0103064/?ref_=chttp_i_29
"Roberto Benigni,Nicoletta Braschi,Giorgio Cantarini",1997,"When an open-minded Jewish waiter and his son become victims of the Holocaust, he uses a perfect mixture of will, humor and imagination to protect his son from the dangers around their camp.",1h 56m,"Comedy,Drama,Romance",Italy,8.6,Life Is Beautiful,Original title: La vita è bella,https://www.imdb.com//title/tt0118799/?ref_=chttp_i_27
"Michael J. Fox,Christopher Lloyd,Lea Thompson",1985,"Marty McFly, a 17-year-old high school student, is accidentally sent 30 years into the past in a time-traveling DeLorean invented by his close friend, the maverick scientist Doc Brown.",1h 56m,"Adventure,Comedy,Sci-Fi",United States,8.5,Back to the Future,,https://www.imdb.com//title/tt0088763/?ref_=chttp_i_31
"Shameik Moore,Hailee Steinfeld,Brian Tyree Henry",2023,"Miles Morales catapults across the multiverse, where he encounters a team of Spider-People charged with protecting its very existence. When the heroes clash on how to handle a new threat, Mi...",2h 20m,"Animation,Action,Adventure",United States,8.6,Spider-Man: Across the Spider-Verse,,https://www.imdb.com//title/tt9362722/?ref_=chttp_i_35
"Alexandre Rodrigues,Leandro Firmino,Matheus Nachtergaele",2002,"In the slums of Rio, two kids' paths diverge as one struggles to become a photographer and the other a kingpin.",2h 10m,"Crime,Drama",Brazil,8.6,City of God,Original title: Cidade de Deus,https://www.imdb.com//title/tt0317248/?ref_=chttp_i_26
"Tom Hanks,Michael Clarke Duncan,David Morse",1999,"A tale set on death row, where gentle giant John Coffey possesses the mysterious power to heal people's ailments. When the lead guard, Paul Edgecombe, recognizes John's gift, he tries to hel...",3h 9m,"Crime,Drama,Fantasy",United States,8.6,The Green Mile,,https://www.imdb.com//title/tt0120689/?ref_=chttp_i_28
"Tom Hanks,Matt Damon,Tom Sizemore",1998,"Following the Normandy Landings, a group of U.S. soldiers go behind enemy lines to retrieve a paratrooper whose brothers have been killed in action.",2h 49m,"Drama,War",United States,8.6,Saving Private Ryan,,https://www.imdb.com//title/tt0120815/?ref_=chttp_i_25
"Jodie Foster,Anthony Hopkins,Scott Glenn",1991,"A young F.B.I. cadet must receive the help of an incarcerated and manipulative cannibal killer to help catch another serial killer, a madman who skins his victims.",1h 58m,"Crime,Drama,Thriller",United States,8.6,The Silence of the Lambs,,https://www.imdb.com//title/tt0102926/?ref_=chttp_i_24
"Ajay Devgn,Shriya Saran,Tabu",2015,"Desperate measures are taken by a man who tries to save his family from the dark side of the law, after they commit an unexpected crime.",2h 43m,"Crime,Drama,Mystery",India,8.2,Drishyam,,https://www.imdb.com//title/tt4430212/?ref_=chttp_i_250
"Matthew McConaughey,Anne Hathaway,Jessica Chastain",2014,"When Earth becomes uninhabitable in the future, a farmer and ex-NASA pilot, Joseph Cooper, is tasked to pilot a spacecraft, along with a team of researchers, to find a new planet for humans.",2h 49m,"Adventure,Drama,Sci-Fi",United States,8.7,Interstellar,,https://www.imdb.com//title/tt0816692/?ref_=chttp_i_21
"Scott Weinger,Robin Williams,Linda Larkin",1992,A kind-hearted street urchin and a power-hungry Grand Vizier vie for a magic lamp that has the power to make their deepest wishes come true.,1h 30m,"Animation,Adventure,Comedy",United States,8.0,Aladdin,,https://www.imdb.com//title/tt0103639/?ref_=chttp_i_249
"James Stewart,Donna Reed,Lionel Barrymore",1946,An angel is sent from Heaven to help a desperately frustrated businessman by showing him what life would have been like if he had never existed.,2h 10m,"Drama,Family,Fantasy",United States,8.6,It's a Wonderful Life,,https://www.imdb.com//title/tt0038650/?ref_=chttp_i_22
"Toshirô Mifune,Takashi Shimura,Keiko Tsushima",1954,"Farmers from a village exploited by bandits hire a veteran samurai for protection, who gathers six other samurai to join him.",3h 27m,"Action,Drama",Japan,8.6,Seven Samurai,Original title: Shichinin no samurai,https://www.imdb.com//title/tt0047478/?ref_=chttp_i_23
"Clark Gable,Claudette Colbert,Walter Connolly",1934,"A renegade reporter trailing a young runaway heiress for a big story joins her on a bus heading from Florida to New York, and they end up stuck with each other when the bus leaves them behin...",1h 45m,"Comedy,Romance",United States,8.1,It Happened One Night,,https://www.imdb.com//title/tt0025316/?ref_=chttp_i_247
"Eli Marienthal,Harry Connick Jr.,Jennifer Aniston",1999,A young boy befriends a giant robot from outer space that a paranoid government agent wants to destroy.,1h 26m,"Animation,Action,Adventure",United States,8.1,The Iron Giant,,https://www.imdb.com//title/tt0129167/?ref_=chttp_i_245
"Kevin Costner,Mary McDonnell,Graham Greene",1990,"Lieutenant John Dunbar, assigned to a remote western Civil War outpost, finds himself engaging with a neighbouring Sioux settlement, causing him to question his own purpose.",3h 1m,"Adventure,Drama,Western",United States,8.0,Dances with Wolves,,https://www.imdb.com//title/tt0099348/?ref_=chttp_i_248
"Paul Newman,George Kennedy,Strother Martin",1967,"A laid-back Southern man is sentenced to two years in a rural prison, but refuses to conform.",2h 7m,"Crime,Drama",United States,8.1,Cool Hand Luke,,https://www.imdb.com//title/tt0061512/?ref_=chttp_i_244
"Emilio Echevarría,Gael García Bernal,Goya Toledo",2000,"An amateur dog fighter, a supermodel, and a derelict assassin, all separately struggling to find love, find their lives transformed by a devastating car wreck in Mexico City.",2h 34m,"Drama,Thriller",Mexico,8.1,Amores Perros,Original title: Amores perros,https://www.imdb.com//title/tt0245712/?ref_=chttp_i_242
"Laurence Olivier,Joan Fontaine,George Sanders",1940,A self-conscious woman juggles adjusting to her new role as an aristocrat's wife and avoiding being intimidated by his first wife's spectral presence.,2h 10m,"Drama,Mystery,Romance",United States,8.1,Rebecca,,https://www.imdb.com//title/tt0032976/?ref_=chttp_i_243
"Bill Murray,Andie MacDowell,Chris Elliott",1993,"A narcissistic, self-centered weatherman finds himself in a time loop on Groundhog Day.",1h 41m,"Comedy,Drama,Fantasy",United States,8.0,Groundhog Day,,https://www.imdb.com//title/tt0107048/?ref_=chttp_i_241
"Brahim Hadjadj,Jean Martin,Yacef Saadi",1966,"In the 1950s, fear and violence escalate as the people of Algiers fight for independence from the French government.",2h 1m,"Drama,War",Italy,8.1,The Battle of Algiers,Original title: La battaglia di Algeri,https://www.imdb.com//title/tt0058946/?ref_=chttp_i_240
"Henry Fonda,Jane Darwell,John Carradine",1940,"An Oklahoma family, driven off their farm by the poverty and hopelessness of the Dust Bowl, joins the westward migration to California, suffering the misfortunes of the homeless in the Great...",2h 9m,Drama,United States,8.1,The Grapes of Wrath,,https://www.imdb.com//title/tt0032551/?ref_=chttp_i_239
"Carole Lombard,Jack Benny,Robert Stack",1942,"During the German occupation of Poland, an acting troupe becomes embroiled in a Polish soldier's efforts to track down a German spy.",1h 39m,"Comedy,Romance,War",United States,8.1,To Be or Not to Be,,https://www.imdb.com//title/tt0035446/?ref_=chttp_i_238
"Viola Davis,Emma Stone,Octavia Spencer",2011,"An aspiring author during the civil rights movement of the 1960s decides to write a book detailing the African American maids' point of view on the white families for which they work, and th...",2h 26m,Drama,United States,8.1,The Help,,https://www.imdb.com//title/tt1454029/?ref_=chttp_i_246
"Kim Min-hee,Ha Jung-woo,Cho Jin-woong",2016,"A woman is hired as a handmaiden to a Japanese heiress, but secretly she is involved in a plot to defraud her.",2h 25m,"Drama,Romance,Thriller",South Korea,8.1,The Handmaiden,Original title: Ah-ga-ssi,https://www.imdb.com//title/tt4016934/?ref_=chttp_i_236
"Emile Hirsch,Vince Vaughn,Catherine Keener",2007,"After graduating from Emory University, top student and athlete Christopher McCandless abandons his possessions, gives his entire $24,000 savings account to charity and hitchhikes to Alaska ...",2h 28m,"Adventure,Biography,Drama",United States,8.1,Into the Wild,,https://www.imdb.com//title/tt0758758/?ref_=chttp_i_235
"Julie Andrews,Christopher Plummer,Eleanor Parker",1965,A young novice is sent by her convent in 1930s Austria to become a governess to the seven children of a widowed naval officer.,2h 52m,"Biography,Drama,Family",United States,8.1,The Sound of Music,,https://www.imdb.com//title/tt0059742/?ref_=chttp_i_237
"Çetin Tekindor,Fikret Kuskan,Hümeyra",2005,The family of a left-wing journalist is torn apart after the military coup of Turkey in 1980.,1h 52m,"Drama,Family",Turkey,8.2,My Father and My Son,Original title: Babam ve Oglum,https://www.imdb.com//title/tt0476735/?ref_=chttp_i_234
"Richard Gere,Joan Allen,Cary-Hiroyuki Tagawa",2009,"Professor Wilson discovers a lost Akita puppy on his way home. Despite objections from his wife, Hachi endears himself to the family and grows to be Parker's loyal companion. As their bond g...",1h 33m,"Biography,Drama,Family",United Kingdom,8.1,Hachi: A Dog's Tale,,https://www.imdb.com//title/tt1028532/?ref_=chttp_i_233
"Judy Garland,Frank Morgan,Ray Bolger",1939,"Young Dorothy Gale and her dog Toto are swept away by a tornado from their Kansas farm to the magical Land of Oz, and embark on a quest with three new friends to see the Wizard, who can retu...",1h 42m,"Adventure,Family,Fantasy",United States,8.1,The Wizard of Oz,,https://www.imdb.com//title/tt0032138/?ref_=chttp_i_231
"Craig T. Nelson,Samuel L. Jackson,Holly Hunter",2004,"While trying to lead a quiet suburban life, a family of undercover superheroes are forced into action to save the world.",1h 55m,"Animation,Action,Adventure",United States,8.0,The Incredibles,,https://www.imdb.com//title/tt0317705/?ref_=chttp_i_232
"Wil Wheaton,River Phoenix,Corey Feldman",1986,A writer recounts a childhood journey with his friends to find the body of a missing boy.,1h 29m,"Adventure,Comedy,Drama",United States,8.1,Stand by Me,,https://www.imdb.com//title/tt0092005/?ref_=chttp_i_230
"Daniel Brühl,Chris Hemsworth,Olivia Wilde",2013,The merciless 1970s rivalry between Formula One rivals James Hunt and Niki Lauda.,2h 3m,"Action,Biography,Drama",United Kingdom,8.1,Rush,,https://www.imdb.com//title/tt1979320/?ref_=chttp_i_228
"Faye Dunaway,William Holden,Peter Finch",1976,"A television network cynically exploits a deranged former anchor's ravings and revelations about the news media for its own profit, but finds that his message may be difficult to control.",2h 1m,Drama,United States,8.1,Network,,https://www.imdb.com//title/tt0074958/?ref_=chttp_i_229
"Johnny Depp,Geoffrey Rush,Orlando Bloom",2003,"Blacksmith Will Turner teams up with eccentric pirate ""Captain"" Jack Sparrow to save his love, the governor's daughter, from Jack's former pirate allies, who are now undead.",2h 23m,"Action,Adventure,Fantasy",United States,8.1,Pirates of the Caribbean: The Curse of the Black Pearl,,https://www.imdb.com//title/tt0325980/?ref_=chttp_i_227
"Suriya,Lijo Mol Jose,Manikandan K.",2021,"When a tribal man is arrested for a case of alleged theft, his wife turns to a human-rights lawyer to help bring justice.",2h 44m,"Crime,Drama,Mystery",India,8.7,Jai Bhim,,https://www.imdb.com//title/tt15097216/?ref_=chttp_i_225
"Myrna Loy,Dana Andrews,Fredric March",1946,"Three World War II veterans, two of them traumatized or disabled, return home to the American midwest to discover that they and their families have been irreparably changed.",2h 50m,"Drama,Romance,War",United States,8.1,The Best Years of Our Lives,,https://www.imdb.com//title/tt0036868/?ref_=chttp_i_224
"Vincent Cassel,Hubert Koundé,Saïd Taghmaoui",1995,24 hours in the lives of three young men in the French suburbs the day after a violent riot.,1h 38m,"Crime,Drama",France,8.1,La haine,,https://www.imdb.com//title/tt0113247/?ref_=chttp_i_223
"Ellen Burstyn,Max von Sydow,Linda Blair",1973,"When a young girl is possessed by a mysterious entity, her mother seeks the help of two Catholic priests to save her life.",2h 2m,Horror,United States,8.1,The Exorcist,,https://www.imdb.com//title/tt0070047/?ref_=chttp_i_226
"Ethan Hawke,Julie Delpy,Vernon Dobtcheff",2004,"Nine years after Jesse and Celine first met, they encounter each other again on the French leg of Jesse's book tour.",1h 20m,"Drama,Romance",France,8.1,Before Sunset,,https://www.imdb.com//title/tt0381681/?ref_=chttp_i_222
"Arnold Schwarzenegger,Linda Hamilton,Michael Biehn",1984,"A human soldier is sent from 2029 to 1984 to stop an almost indestructible cyborg killing machine, sent from the same year, which has been programmed to execute a young woman whose unborn so...",1h 47m,"Action,Adventure,Sci-Fi",United Kingdom,8.1,The Terminator,,https://www.imdb.com//title/tt0088247/?ref_=chttp_i_220
"Maria Falconetti,Eugene Silvain,André Berley",1928,"In 1431, Jeanne d'Arc is placed on trial on charges of heresy. The ecclesiastical jurists attempt to force Jeanne to recant her claims of holy visions.",1h 54m,"Biography,Drama,History",France,8.1,The Passion of Joan of Arc,Original title: La passion de Jeanne d'Arc,https://www.imdb.com//title/tt0019254/?ref_=chttp_i_221
"Charlie Sheen,Tom Berenger,Willem Dafoe",1986,"Chris Taylor, a neophyte recruit in Vietnam, finds himself caught in a battle of wills between two sergeants, one good and the other evil. A shrewd examination of the brutality of war and th...",2h,"Drama,War",United States,8.1,Platoon,,https://www.imdb.com//title/tt0091763/?ref_=chttp_i_219
"Don Cheadle,Sophie Okonedo,Joaquin Phoenix",2004,"Paul Rusesabagina, a hotel manager, houses over a thousand Tutsi refugees during their struggle against the Hutu militia in Rwanda, Africa.",2h 1m,"Biography,Drama,History",United Kingdom,8.1,Hotel Rwanda,,https://www.imdb.com//title/tt0395169/?ref_=chttp_i_218
"Mark Ruffalo,Michael Keaton,Rachel McAdams",2015,"The true story of how the Boston Globe uncovered the massive scandal of child molestation and cover-up within the local Catholic Archdiocese, shaking the entire Catholic Church to its core.",2h 9m,"Biography,Crime,Drama",United States,8.1,Spotlight,,https://www.imdb.com//title/tt1895587/?ref_=chttp_i_217
"Jeff Bridges,John Goodman,Julianne Moore",1998,"Jeff ""The Dude"" Lebowski, mistaken for a millionaire of the same name, seeks restitution for his ruined rug and enlists his bowling buddies to help get it.",1h 57m,"Comedy,Crime",United States,8.1,The Big Lebowski,,https://www.imdb.com//title/tt0118715/?ref_=chttp_i_214
"Sylvester Stallone,Talia Shire,Burt Young",1976,A small-time Philadelphia boxer gets a supremely rare chance to fight the world heavyweight champion in a bout in which he strives to go the distance for his self-respect.,2h,"Drama,Sport",United States,8.1,Rocky,,https://www.imdb.com//title/tt0075148/?ref_=chttp_i_215
"Brie Larson,Jacob Tremblay,Sean Bridgers",2015,"A little boy is held captive in a room with his mother since his birth, so he has never known the world outside.",1h 58m,"Drama,Thriller",Ireland,8.1,Room,,https://www.imdb.com//title/tt3170832/?ref_=chttp_i_213
"Hugh Jackman,Patrick Stewart,Dafne Keen",2017,"In a future where mutants are nearly extinct, an elderly and weary Logan leads a quiet life. But when Laura, a mutant child pursued by scientists, comes to him for help, he must get her to s...",2h 17m,"Action,Drama,Sci-Fi",United States,8.1,Logan,,https://www.imdb.com//title/tt3315342/?ref_=chttp_i_216
"Max von Sydow,Gunnar Björnstrand,Bengt Ekerot",1957,"A knight returning to Sweden after the Crusades seeks answers about life, death, and the existence of God as he plays chess against the Grim Reaper during the Black Plague.",1h 36m,"Drama,Fantasy",Sweden,8.1,The Seventh Seal,Original title: Det sjunde inseglet,https://www.imdb.com//title/tt0050976/?ref_=chttp_i_212
"Matt Damon,Christian Bale,Jon Bernthal",2019,American car designer Carroll Shelby and driver Ken Miles battle corporate interference and the laws of physics to build a revolutionary race car for Ford in order to defeat Ferrari at the 2...,2h 32m,"Action,Biography,Drama",United States,8.1,Ford v Ferrari,,https://www.imdb.com//title/tt1950186/?ref_=chttp_i_209
"Chishû Ryû,Chieko Higashiyama,Sô Yamamura",1953,"An old couple visit their children and grandchildren in the city, but receive little attention.",2h 16m,Drama,Japan,8.1,Tokyo Story,Original title: Tôkyô monogatari,https://www.imdb.com//title/tt0046438/?ref_=chttp_i_211
"James Stewart,Jean Arthur,Claude Rains",1939,"A naive youth leader is appointed to fill a vacancy in the U.S. Senate. His idealistic plans promptly collide with corruption at home and subterfuge from his hero in Washington, but he tries...",2h 9m,"Comedy,Drama",United States,8.1,Mr. Smith Goes to Washington,,https://www.imdb.com//title/tt0031679/?ref_=chttp_i_208
"Yves Montand,Charles Vanel,Peter van Eyck",1953,"In a decrepit South American village, four men are hired to transport an urgent nitroglycerine shipment without the equipment that would make it safe.",2h 11m,"Adventure,Drama,Thriller",France,8.2,The Wages of Fear,Original title: Le salaire de la peur,https://www.imdb.com//title/tt0046268/?ref_=chttp_i_204
"Brad Garrett,Lou Romano,Patton Oswalt",2007,A rat who can cook makes an unusual alliance with a young kitchen worker at a famous Paris restaurant.,1h 51m,"Animation,Adventure,Comedy",United States,8.1,Ratatouille,,https://www.imdb.com//title/tt0382932/?ref_=chttp_i_210
"Toni Collette,Philip Seymour Hoffman,Eric Bana",2009,"In 1976 Melbourne, a lonely 8-year-old girl strikes up a correspondence with an unlikely pen pal: a severely obese 44-year-old New Yorker with Asperger's syndrome.",1h 32m,"Animation,Comedy,Drama",Australia,8.1,Mary and Max,Original title: Mary and Max.,https://www.imdb.com//title/tt0978762/?ref_=chttp_i_207
"Roy Scheider,Robert Shaw,Richard Dreyfuss",1975,"When a killer shark unleashes chaos on a beach community off Cape Cod, it's up to a local sheriff, a marine biologist, and an old seafarer to hunt the beast down.",2h 4m,"Adventure,Mystery,Thriller",United States,8.1,Jaws,,https://www.imdb.com//title/tt0073195/?ref_=chttp_i_205
"Jay Baruchel,Gerard Butler,Christopher Mintz-Plasse",2010,"A hapless young Viking who aspires to hunt dragons becomes the unlikely friend of a young dragon himself, and learns there may be more to the creatures than he assumed.",1h 38m,"Animation,Action,Adventure",United States,8.1,How to Train Your Dragon,,https://www.imdb.com//title/tt0892769/?ref_=chttp_i_206
"Victor Sjöström,Bibi Andersson,Ingrid Thulin",1957,"After living a life marked by coldness, an aging professor is forced to confront the emptiness of his existence.",1h 31m,"Drama,Romance",Sweden,8.1,Wild Strawberries,Original title: Smultronstället,https://www.imdb.com//title/tt0050986/?ref_=chttp_i_203
"Orson Welles,Joseph Cotten,Alida Valli",1949,"Pulp novelist Holly Martins travels to shadowy, postwar Vienna, only to find himself investigating the mysterious death of an old friend, Harry Lime.",1h 33m,"Film-Noir,Mystery,Thriller",United Kingdom,8.1,The Third Man,,https://www.imdb.com//title/tt0041959/?ref_=chttp_i_202
"Darío Grandinetti,María Marull,Mónica Villa",2014,Six short stories that explore the extremities of human behavior involving people in distress.,2h 2m,"Comedy,Drama,Thriller",Argentina,8.1,Wild Tales,Original title: Relatos salvajes,https://www.imdb.com//title/tt3011894/?ref_=chttp_i_198
"Buster Keaton,Kathryn McGuire,Joe Keaton",1924,"A film projectionist longs to be a detective, and puts his meagre skills to work when he is framed by a rival for stealing his girlfriend's father's pocketwatch.",45m,"Action,Comedy,Romance",United States,8.2,Sherlock Jr.,,https://www.imdb.com//title/tt0015324/?ref_=chttp_i_201
"Billy Crystal,John Goodman,Mary Gibbs",2001,"In order to power the city, monsters have to scare children so that they scream. However, the children are toxic to the monsters, and after a child gets through, two monsters realize things ...",1h 32m,"Animation,Adventure,Comedy",United States,8.1,"Monsters, Inc.",,https://www.imdb.com//title/tt0198781/?ref_=chttp_i_200
"Buster Keaton,Marion Mack,Glen Cavender",1926,"After being rejected by the Confederate military, not realizing it was due to his crucial civilian role, an engineer must single-handedly recapture his beloved locomotive after it is seized ...",1h 18m,"Action,Adventure,Comedy",United States,8.1,The General,,https://www.imdb.com//title/tt0017925/?ref_=chttp_i_196
"Tom Hardy,Charlize Theron,Nicholas Hoult",2015,"In a post-apocalyptic wasteland, a woman rebels against a tyrannical ruler in search for her homeland with the aid of a group of female prisoners, a psychotic worshiper and a drifter named M...",2h,"Action,Adventure,Sci-Fi",Australia,8.1,Mad Max: Fury Road,,https://www.imdb.com//title/tt1392190/?ref_=chttp_i_199
"Marlon Brando,Karl Malden,Lee J. Cobb",1954,"An ex-prize fighter turned New Jersey longshoreman struggles to stand up to his corrupt union bosses, including his older brother, as he starts to connect with the grieving sister of one of ...",1h 48m,"Crime,Drama,Thriller",United States,8.1,On the Waterfront,,https://www.imdb.com//title/tt0047296/?ref_=chttp_i_195
"Robert De Niro,Christopher Walken,John Cazale",1978,An in-depth examination of the ways in which the Vietnam War impacts and disrupts the lives of several friends in a small steel mill town in Pennsylvania.,3h 3m,"Drama,War",United States,8.1,The Deer Hunter,,https://www.imdb.com//title/tt0077416/?ref_=chttp_i_197
"Song Kang-ho,Kim Sang-kyung,Kim Roe-ha",2003,"In a small Korean province in 1986, two detectives struggle with the case of multiple young women being found raped and murdered by an unknown culprit.",2h 12m,"Crime,Drama,Mystery",South Korea,8.1,Memories of Murder,Original title: Salinui chueok,https://www.imdb.com//title/tt0353969/?ref_=chttp_i_193
"Daniel Day-Lewis,Pete Postlethwaite,Alison Crosbie",1993,"An Irish man's coerced confession to an I.R.A. bombing he did not commit results in the imprisonment of his father as well. Meanwhile, a British lawyer fights to clear their names and free t...",2h 13m,"Biography,Crime,Drama",Ireland,8.1,In the Name of the Father,,https://www.imdb.com//title/tt0107207/?ref_=chttp_i_192
"Charles Chaplin,Mack Swain,Tom Murray",1925,"A prospector goes to the Klondike during the 1890s gold rush in hopes of making his fortune, and is smitten with a girl he sees in a dance hall.",1h 35m,"Adventure,Comedy,Drama",United States,8.1,The Gold Rush,,https://www.imdb.com//title/tt0015864/?ref_=chttp_i_191
"Robin Williams,Robert Sean Leonard,Ethan Hawke",1989,"Maverick teacher John Keating returns in 1959 to the prestigious New England boys' boarding school where he was once a star student, using poetry to embolden his pupils to new heights of sel...",2h 8m,"Comedy,Drama",United States,8.1,Dead Poets Society,,https://www.imdb.com//title/tt0097165/?ref_=chttp_i_194
"Andrew Garfield,Sam Worthington,Luke Bracey",2016,"World War II American Army Medic Desmond T. Doss, serving during the Battle of Okinawa, refuses to kill people and becomes the first man in American history to receive the Medal of Honor wit...",2h 19m,"Biography,Drama,History",United States,8.1,Hacksaw Ridge,,https://www.imdb.com//title/tt2119532/?ref_=chttp_i_190
"Ben Affleck,Rosamund Pike,Neil Patrick Harris",2014,"With his wife's disappearance having become the focus of an intense media circus, a man sees the spotlight turned on him when it's suspected that he may not be innocent.",2h 29m,"Drama,Mystery,Thriller",United States,8.1,Gone Girl,,https://www.imdb.com//title/tt2267998/?ref_=chttp_i_189
"Ryan O'Neal,Marisa Berenson,Patrick Magee",1975,An Irish rogue wins the heart of a rich widow and assumes her dead husband's aristocratic position in 18th-century England.,3h 5m,"Adventure,Drama,War",United Kingdom,8.1,Barry Lyndon,,https://www.imdb.com//title/tt0072684/?ref_=chttp_i_188
"Charlton Heston,Jack Hawkins,Stephen Boyd",1959,"After a Jewish prince is betrayed and sent into slavery by a Roman friend in 1st-century Jerusalem, he regains his freedom and comes back for revenge.",3h 32m,"Adventure,Drama",United States,8.1,Ben-Hur,,https://www.imdb.com//title/tt0052618/?ref_=chttp_i_187
"Ethan Hawke,Julie Delpy,Andrea Eckert",1995,"A young man and woman meet on a train in Europe, and wind up spending one evening together in Vienna. Unfortunately, both know that this will probably be their only night together.",1h 41m,"Drama,Romance",United States,8.1,Before Sunrise,,https://www.imdb.com//title/tt0112471/?ref_=chttp_i_185
"Daniel Radcliffe,Emma Watson,Rupert Grint",2011,"Harry, Ron, and Hermione search for Voldemort's remaining Horcruxes in their effort to destroy the Dark Lord as the final battle rages on at Hogwarts.",2h 10m,"Adventure,Family,Fantasy",United Kingdom,8.1,Harry Potter and the Deathly Hallows: Part 2,Original title: Harry Potter and the Deathly Hallows - Part 2,https://www.imdb.com//title/tt1201607/?ref_=chttp_i_181
"Hilary Swank,Clint Eastwood,Morgan Freeman",2004,"Frankie, an ill-tempered old coach, reluctantly agrees to train aspiring boxer Maggie. Impressed with her determination and talent, he helps her become the best and the two soon form a close...",2h 12m,"Drama,Sport",United States,8.1,Million Dollar Baby,,https://www.imdb.com//title/tt0405159/?ref_=chttp_i_180
"Mohammad Amir Naji,Amir Farrokh Hashemian,Bahare Seddiqi",1997,"After a boy loses his sister's pair of shoes, he goes on a series of adventures in order to find them. When he can't, he tries a new way to ""win"" a new pair.",1h 29m,"Drama,Family,Sport",Iran,8.2,Children of Heaven,Original title: Bacheha-Ye aseman,https://www.imdb.com//title/tt0118849/?ref_=chttp_i_182
"Harrison Ford,Rutger Hauer,Sean Young",1982,A blade runner must pursue and terminate four replicants who stole a ship in space and have returned to Earth to find their creator.,1h 57m,"Action,Drama,Sci-Fi",United States,8.1,Blade Runner,,https://www.imdb.com//title/tt0083658/?ref_=chttp_i_184
"Ralph Fiennes,F. Murray Abraham,Mathieu Amalric",2014,"A writer encounters the owner of an aging high-class hotel, who tells him of his early years serving as a lobby boy in the hotel's glorious years under an exceptional concierge.",1h 39m,"Adventure,Comedy,Crime",United States,8.1,The Grand Budapest Hotel,,https://www.imdb.com//title/tt2278388/?ref_=chttp_i_186
"Chiwetel Ejiofor,Michael Kenneth Williams,Michael Fassbender",2013,"In the antebellum United States, Solomon Northup, a free Black man from upstate New York, is abducted and sold into slavery.",2h 14m,"Biography,Drama,History",United Kingdom,8.1,12 Years a Slave,,https://www.imdb.com//title/tt2024544/?ref_=chttp_i_183
"Clint Eastwood,Bee Vang,Christopher Carley",2008,"After a Hmong teenager tries to steal his prized 1972 Gran Torino, a disgruntled, prejudiced Korean War veteran seeks to redeem both the boy and himself.",1h 56m,Drama,Germany,8.1,Gran Torino,,https://www.imdb.com//title/tt1205489/?ref_=chttp_i_178
"Tom Hardy,Nick Nolte,Joel Edgerton",2011,"The youngest son of an alcoholic former boxer returns home, where he's trained by his father for competition in a mixed martial arts tournament - a path that puts the fighter on a collision ...",2h 20m,"Action,Drama,Sport",United States,8.1,Warrior,,https://www.imdb.com//title/tt1291584/?ref_=chttp_i_175
"Minami Hamabe,Sakura Andô,Ryunosuke Kamiki",2023,"Post war Japan is at its lowest point when a new crisis emerges in the form of a giant monster, baptized in the horrific power of the atomic bomb.",2h 4m,"Action,Adventure,Drama",Japan,8.3,Godzilla Minus One,Original title: Gojira -1.0,https://www.imdb.com//title/tt23289160/?ref_=chttp_i_177
"Hitoshi Takagi,Noriko Hidaka,Chika Sakamoto",1988,"When two girls move to the country to be near their ailing mother, they have adventures with the wondrous forest spirits who live nearby.",1h 26m,"Animation,Comedy,Family",Japan,8.1,My Neighbor Totoro,Original title: Tonari no Totoro,https://www.imdb.com//title/tt0096283/?ref_=chttp_i_179
"Jason Schwartzman,J.K. Simmons,Rashida Jones",2019,"A simple act of kindness always sparks another, even in a frozen, faraway place. When Smeerensburg's new postman, Jesper, befriends toymaker Klaus, their gifts melt an age-old feud and deliv...",1h 36m,"Animation,Adventure,Comedy",Spain,8.2,Klaus,,https://www.imdb.com//title/tt4729430/?ref_=chttp_i_174
"William H. Macy,Frances McDormand,Steve Buscemi",1996,Minnesota car salesman Jerry Lundegaard's inept crime falls apart due to his and his henchmen's bungling and the persistent police work of the quite pregnant Marge Gunderson.,1h 38m,"Crime,Thriller",United States,8.1,Fargo,,https://www.imdb.com//title/tt0116282/?ref_=chttp_i_173
"Tom Holland,Zendaya,Benedict Cumberbatch",2021,"With Spider-Man's identity now revealed, Peter asks Doctor Strange for help. When a spell goes wrong, dangerous foes from other worlds start to appear, forcing Peter to discover what it trul...",2h 28m,"Action,Adventure,Fantasy",United States,8.2,Spider-Man: No Way Home,,https://www.imdb.com//title/tt10872600/?ref_=chttp_i_172
"Leonardo DiCaprio,Tom Hanks,Christopher Walken",2002,"Barely 17 yet, Frank is a skilled forger who has passed as a doctor, lawyer and pilot. FBI agent Carl becomes obsessed with tracking down the con man, who only revels in the pursuit.",2h 21m,"Biography,Crime,Drama",United States,8.1,Catch Me If You Can,,https://www.imdb.com//title/tt0264464/?ref_=chttp_i_176
"Frances McDormand,Woody Harrelson,Sam Rockwell",2017,A mother personally challenges the local authorities to solve her daughter's murder when they fail to catch the culprit.,1h 55m,"Comedy,Crime,Drama",United Kingdom,8.1,"Three Billboards Outside Ebbing, Missouri",,https://www.imdb.com//title/tt5027774/?ref_=chttp_i_169
"Ricardo Darín,Soledad Villamil,Pablo Rago",2009,A retired legal counselor writes a novel hoping to find closure for one of his past unresolved homicide cases and for his unreciprocated love with his superior - both of which still haunt hi...,2h 9m,"Drama,Mystery,Romance",Argentina,8.2,The Secret in Their Eyes,Original title: El secreto de sus ojos,https://www.imdb.com//title/tt1305806/?ref_=chttp_i_166
"Amy Poehler,Bill Hader,Lewis Black",2015,"After young Riley is uprooted from her Midwest life and moved to San Francisco, her emotions - Joy, Fear, Anger, Disgust and Sadness - conflict on how best to navigate a new city, house, and...",1h 35m,"Animation,Adventure,Comedy",United States,8.1,Inside Out,,https://www.imdb.com//title/tt2096673/?ref_=chttp_i_167
"Jason Flemyng,Dexter Fletcher,Nick Moran",1998,"Eddy persuades his three pals to pool money for a vital poker game against a powerful local mobster, Hatchet Harry. Eddy loses, after which Harry gives him a week to pay back 500,000 pounds.",1h 47m,"Action,Comedy,Crime",United Kingdom,8.1,"Lock, Stock and Two Smoking Barrels",,https://www.imdb.com//title/tt0120735/?ref_=chttp_i_165
"William Holden,Alec Guinness,Jack Hawkins",1957,"British POWs are forced to build a railway bridge across the river Kwai for their Japanese captors in occupied Burma, not knowing that the allied forces are planning a daring commando raid t...",2h 41m,"Adventure,Drama,War",United Kingdom,8.1,The Bridge on the River Kwai,,https://www.imdb.com//title/tt0050212/?ref_=chttp_i_171
"Robert De Niro,Cathy Moriarty,Joe Pesci",1980,"The life of boxer Jake LaMotta, whose violence and temper that led him to the top in the ring destroyed his life outside of it.",2h 9m,"Biography,Drama,Sport",United States,8.1,Raging Bull,,https://www.imdb.com//title/tt0081398/?ref_=chttp_i_168
"Ewan McGregor,Ewen Bremner,Jonny Lee Miller",1996,"Renton, deeply immersed in the Edinburgh drug scene, tries to clean up and get out despite the allure of drugs and the influence of friends.",1h 33m,Drama,United Kingdom,8.1,Trainspotting,,https://www.imdb.com//title/tt0117951/?ref_=chttp_i_170
"Hugo Weaving,Natalie Portman,Rupert Graves",2005,"In a future British dystopian society, a shadowy freedom fighter, known only by the alias of ""V"", plots to overthrow the tyrannical government - with the help of a young woman.",2h 12m,"Action,Drama,Sci-Fi",United States,8.2,V for Vendetta,,https://www.imdb.com//title/tt0434409/?ref_=chttp_i_164
"Anthony Hopkins,John Hurt,Anne Bancroft",1980,"A Victorian surgeon rescues a heavily disfigured man who is mistreated while scraping a living as a side-show freak. Behind his monstrous façade, there is revealed a person of kindness, inte...",2h 4m,"Biography,Drama",United States,8.2,The Elephant Man,,https://www.imdb.com//title/tt0080678/?ref_=chttp_i_160
"Chieko Baishô,Takuya Kimura,Tatsuya Gashûin",2004,"When an unconfident young woman is cursed with an old body by a spiteful witch, her only chance of breaking the spell lies with a self-indulgent yet insecure young wizard and his companions ...",1h 59m,"Animation,Adventure,Family",Japan,8.2,Howl's Moving Castle,Original title: Hauru no ugoku shiro,https://www.imdb.com//title/tt0347149/?ref_=chttp_i_159
"Clark Gable,Vivien Leigh,Thomas Mitchell",1939,A sheltered and manipulative Southern belle and a roguish profiteer face off in a turbulent romance as the society around them crumbles with the end of slavery and is rebuilt during the Civi...,3h 58m,"Drama,Romance,War",United States,8.2,Gone with the Wind,,https://www.imdb.com//title/tt0031381/?ref_=chttp_i_163
"Hugh Jackman,Jake Gyllenhaal,Viola Davis",2013,"When Keller Dover's daughter and her friend go missing, he takes matters into his own hands as the police pursue multiple leads and the pressure mounts.",2h 33m,"Crime,Drama,Mystery",United States,8.2,Prisoners,,https://www.imdb.com//title/tt1392214/?ref_=chttp_i_158
"Jack Nicholson,Faye Dunaway,John Huston",1974,"A private detective hired to expose an adulterer in 1930s Los Angeles finds himself caught up in a web of deceit, corruption, and murder.",2h 10m,"Drama,Mystery,Thriller",United States,8.1,Chinatown,,https://www.imdb.com//title/tt0071315/?ref_=chttp_i_161
"Ray Milland,Grace Kelly,Robert Cummings",1954,A former tennis star arranges the murder of his adulterous wife.,1h 45m,"Crime,Thriller",United States,8.2,Dial M for Murder,,https://www.imdb.com//title/tt0046912/?ref_=chttp_i_162
"Albert Brooks,Ellen DeGeneres,Alexander Gould",2003,"After his son is captured in the Great Barrier Reef and taken to Sydney, a timid clownfish sets out on a journey to bring him home.",1h 40m,"Animation,Adventure,Comedy",United States,8.2,Finding Nemo,,https://www.imdb.com//title/tt0266543/?ref_=chttp_i_156
"Toshirô Mifune,Machiko Kyô,Masayuki Mori",1950,"The rape of a bride and the murder of her samurai husband are recalled from the perspectives of a bandit, the bride, the samurai's ghost and a woodcutter.",1h 28m,"Crime,Drama,Mystery",Japan,8.2,Rashomon,Original title: Rashômon,https://www.imdb.com//title/tt0042876/?ref_=chttp_i_157
"Toshirô Mifune,Eijirô Tôno,Tatsuya Nakadai",1961,A crafty ronin comes to a town divided by two criminal gangs and decides to play them against each other to free the town.,1h 50m,"Action,Drama,Thriller",Japan,8.2,Yojimbo,Original title: Yôjinbô,https://www.imdb.com//title/tt0055630/?ref_=chttp_i_153
"Steve McQueen,James Garner,Richard Attenborough",1963,Allied prisoners of war plan for several hundred of their number to escape from a German camp during World War II.,2h 52m,"Adventure,Drama,Thriller",United States,8.2,The Great Escape,,https://www.imdb.com//title/tt0057115/?ref_=chttp_i_155
"Graham Chapman,John Cleese,Eric Idle",1975,"King Arthur and his Knights of the Round Table embark on a surreal, low-budget search for the Holy Grail, encountering many, very silly obstacles.",1h 31m,"Adventure,Comedy,Fantasy",United Kingdom,8.2,Monty Python and the Holy Grail,,https://www.imdb.com//title/tt0071853/?ref_=chttp_i_154
"Kurt Russell,Wilford Brimley,Keith David",1982,A research team in Antarctica is hunted by a shape-shifting alien that assumes the appearance of its victims.,1h 49m,"Horror,Mystery,Sci-Fi",United States,8.2,The Thing,,https://www.imdb.com//title/tt0084787/?ref_=chttp_i_150
"Uma Thurman,David Carradine,Daryl Hannah",2003,"After awakening from a four-year coma, a former assassin wreaks vengeance on the team of assassins who betrayed her.",1h 51m,"Action,Crime,Thriller",United States,8.2,Kill Bill: Vol. 1,,https://www.imdb.com//title/tt0266697/?ref_=chttp_i_152
"Humphrey Bogart,Walter Huston,Tim Holt",1948,Two down-on-their-luck Americans searching for work in 1920s Mexico convince an old prospector to help them mine for gold in the Sierra Madre Mountains.,2h 6m,"Adventure,Drama,Western",United States,8.2,The Treasure of the Sierra Madre,,https://www.imdb.com//title/tt0040897/?ref_=chttp_i_151
"Russell Crowe,Ed Harris,Jennifer Connelly",2001,"A mathematical genius, John Nash made an astonishing discovery early in his career and stood on the brink of international acclaim. But the handsome and arrogant Nash soon found himself on a...",2h 15m,"Biography,Drama,Mystery",United States,8.2,A Beautiful Mind,,https://www.imdb.com//title/tt0268978/?ref_=chttp_i_148
"Clint Eastwood,Gene Hackman,Morgan Freeman",1992,"Retired Old West gunslinger William Munny reluctantly takes on one last job, with the help of his old partner Ned Logan and a young man, The ""Schofield Kid.""",2h 10m,"Drama,Western",United States,8.2,Unforgiven,,https://www.imdb.com//title/tt0105695/?ref_=chttp_i_147
"Ivana Baquero,Ariadna Gil,Sergi López",2006,"In the Falangist Spain of 1944, the bookish young stepdaughter of a sadistic army officer escapes into an eerie but captivating fantasy world.",1h 58m,"Drama,Fantasy,War",Mexico,8.2,Pan's Labyrinth,Original title: El laberinto del fauno,https://www.imdb.com//title/tt0457430/?ref_=chttp_i_146
"Bruce Willis,Haley Joel Osment,Toni Collette",1999,"Malcolm Crowe, a child psychologist, starts treating a young boy, Cole, who encounters dead people and convinces him to help them. In turn, Cole helps Malcolm reconcile with his estranged wi...",1h 47m,"Drama,Mystery,Thriller",United States,8.2,The Sixth Sense,,https://www.imdb.com//title/tt0167404/?ref_=chttp_i_145
"Tatsuya Nakadai,Akira Terao,Jinpachi Nezu",1985,"In Medieval Japan, an elderly warlord retires, handing over his empire to his three sons. However, he vastly underestimates how the new-found power will corrupt them and cause them to turn o...",2h 40m,"Action,Drama,War",Japan,8.2,Ran,,https://www.imdb.com//title/tt0089881/?ref_=chttp_i_143
"Tommy Lee Jones,Javier Bardem,Josh Brolin",2007,Violence and mayhem ensue after a hunter stumbles upon the aftermath of a drug deal gone wrong and over two million dollars in cash near the Rio Grande.,2h 2m,"Crime,Drama,Thriller",United States,8.2,No Country for Old Men,,https://www.imdb.com//title/tt0477348/?ref_=chttp_i_149
"Robert De Niro,Sharon Stone,Joe Pesci",1995,"In Las Vegas, two best friends - a casino executive and a mafia enforcer - compete for a gambling empire and a fast-living, fast-loving socialite.",2h 58m,"Crime,Drama",United States,8.2,Casino,,https://www.imdb.com//title/tt0112641/?ref_=chttp_i_142
"Sam Neill,Laura Dern,Jeff Goldblum",1993,A pragmatic paleontologist touring an almost complete theme park on an island in Central America is tasked with protecting a couple of kids after a power failure causes the park's cloned din...,2h 7m,"Action,Adventure,Sci-Fi",United States,8.2,Jurassic Park,,https://www.imdb.com//title/tt0107290/?ref_=chttp_i_144
"Jim Carrey,Ed Harris,Laura Linney",1998,An insurance salesman discovers his whole life is actually a reality TV show.,1h 43m,"Comedy,Drama",United States,8.2,The Truman Show,,https://www.imdb.com//title/tt0120382/?ref_=chttp_i_139
"Daniel Day-Lewis,Paul Dano,Ciarán Hinds",2007,"A story of family, religion, hatred, oil and madness, focusing on a turn-of-the-century prospector in the early days of the business.",2h 38m,Drama,United States,8.2,There Will Be Blood,,https://www.imdb.com//title/tt0469494/?ref_=chttp_i_140
"Tom Cruise,Jennifer Connelly,Miles Teller",2022,"After thirty years, Maverick is still pushing the envelope as a top naval aviator, but must confront ghosts of his past when he leads TOP GUN's elite graduates on a mission that demands the ...",2h 10m,"Action,Drama",United States,8.2,Top Gun: Maverick,,https://www.imdb.com//title/tt1745960/?ref_=chttp_i_137
"Leonardo DiCaprio,Emily Mortimer,Mark Ruffalo",2010,"Teddy Daniels and Chuck Aule, two US marshals, are sent to an asylum on a remote island in order to investigate the disappearance of a patient, where Teddy uncovers a shocking truth about th...",2h 18m,"Drama,Mystery,Thriller",United States,8.2,Shutter Island,,https://www.imdb.com//title/tt1130884/?ref_=chttp_i_141
"Anthony Hopkins,Olivia Colman,Mark Gatiss",2020,"A man refuses all assistance from his daughter as he ages. As he tries to make sense of his changing circumstances, he begins to doubt his loved ones, his own mind and even the fabric of his...",1h 37m,"Drama,Mystery",United Kingdom,8.2,The Father,,https://www.imdb.com//title/tt10272386/?ref_=chttp_i_135
"Bette Davis,Anne Baxter,George Sanders",1950,A seemingly timid but secretly ruthless ingénue insinuates herself into the lives of an aging Broadway star and her circle of theater friends.,2h 18m,Drama,United States,8.2,All About Eve,,https://www.imdb.com//title/tt0042192/?ref_=chttp_i_138
"Viggo Mortensen,Mahershala Ali,Linda Cardellini",2018,A working-class Italian-American bouncer becomes the driver for an African-American classical pianist on a tour of venues through the 1960s American South.,2h 10m,"Biography,Comedy,Drama",United States,8.2,Green Book,,https://www.imdb.com//title/tt6966692/?ref_=chttp_i_134
"Christian Bale,Michael Caine,Ken Watanabe",2005,"After witnessing his parents' death, Bruce learns the art of fighting to confront injustice. When he returns to Gotham as Batman, he must stop a secret society that intends to destroy the ci...",2h 20m,"Action,Crime,Drama",United States,8.2,Batman Begins,,https://www.imdb.com//title/tt0372784/?ref_=chttp_i_130
"Charles Chaplin,Edna Purviance,Jackie Coogan",1921,"The Tramp cares for an abandoned child, but events put their relationship in jeopardy.",1h 8m,"Comedy,Drama,Family",United States,8.2,The Kid,,https://www.imdb.com//title/tt0012349/?ref_=chttp_i_133
"Marilyn Monroe,Tony Curtis,Jack Lemmon",1959,"After two male musicians witness a mob hit, they flee the state in an all-female band disguised as women, but further complications set in.",2h 1m,"Comedy,Music,Romance",United States,8.2,Some Like It Hot,,https://www.imdb.com//title/tt0053291/?ref_=chttp_i_132
"Aamir Khan,Sakshi Tanwar,Fatima Sana Shaikh",2016,Former wrestler Mahavir Singh Phogat and his two wrestler daughters struggle towards glory at the Commonwealth Games in the face of societal oppression.,2h 41m,"Action,Biography,Drama",India,8.3,Dangal,,https://www.imdb.com//title/tt5074352/?ref_=chttp_i_128
"Clint Eastwood,Lee Van Cleef,Gian Maria Volontè",1965,"Two bounty hunters with the same intentions team up to track down a gang of outlaws led by a psychotic Mexican bandit, who is plotting an audacious bank robbery.",2h 12m,"Drama,Western",Italy,8.2,For a Few Dollars More,Original title: Per qualche dollaro in più,https://www.imdb.com//title/tt0059578/?ref_=chttp_i_129
"Spencer Tracy,Burt Lancaster,Richard Widmark",1961,"In 1948, an American court in occupied Germany tries four Nazis judged for war crimes.",2h 59m,"Drama,War",United States,8.3,Judgment at Nuremberg,,https://www.imdb.com//title/tt0055031/?ref_=chttp_i_136
"Leonardo DiCaprio,Jonah Hill,Margot Robbie",2013,"Based on the true story of Jordan Belfort, from his rise to a wealthy stock-broker living the high life to his fall involving crime, corruption and the federal government.",3h,"Biography,Comedy,Crime",United States,8.2,The Wolf of Wall Street,,https://www.imdb.com//title/tt0993846/?ref_=chttp_i_131
"Kevin Spacey,Russell Crowe,Guy Pearce",1997,"As corruption grows in 1950s Los Angeles, three policemen - one strait-laced, one brutal, and one sleazy - investigate a series of murders with their own brand of justice.",2h 18m,"Crime,Drama,Mystery",United States,8.2,L.A. Confidential,,https://www.imdb.com//title/tt0119488/?ref_=chttp_i_123
"Dean-Charles Chapman,George MacKay,Daniel Mays",2019,"April 6th, 1917. As an infantry battalion assembles to wage war deep in enemy territory, two soldiers are assigned to race against time and deliver a message that will stop 1,600 men from wa...",1h 59m,"Action,Drama,War",United Kingdom,8.2,1917,,https://www.imdb.com//title/tt8579674/?ref_=chttp_i_125
"Lamberto Maggiorani,Enzo Staiola,Lianella Carell",1948,"In post-war Italy, a working-class man's bicycle is stolen, endangering his efforts to find work. He and his son set out to find it.",1h 29m,Drama,Italy,8.3,Bicycle Thieves,Original title: Ladri di biciclette,https://www.imdb.com//title/tt0040522/?ref_=chttp_i_124
"Bruno Ganz,Alexandra Maria Lara,Ulrich Matthes",2004,"Traudl Junge, the final secretary for Adolf Hitler, tells of the Nazi dictator's final days in his Berlin bunker at the end of WWII.",2h 36m,"Biography,Drama,History",Germany,8.2,Downfall,Original title: Der Untergang,https://www.imdb.com//title/tt0363163/?ref_=chttp_i_127
"Robert De Niro,Jodie Foster,Cybill Shepherd",1976,"A mentally unstable veteran works as a nighttime taxi driver in New York City, where the perceived decadence and sleaze fuels his urge for violent action.",1h 54m,"Crime,Drama",United States,8.2,Taxi Driver,,https://www.imdb.com//title/tt0075314/?ref_=chttp_i_126
"Jason Statham,Brad Pitt,Stephen Graham",2000,"Unscrupulous boxing promoters, violent bookmakers, a Russian gangster, incompetent amateur robbers and supposedly Jewish jewelers fight to track down a priceless stolen diamond.",1h 42m,"Comedy,Crime",United Kingdom,8.2,Snatch,,https://www.imdb.com//title/tt0208092/?ref_=chttp_i_122
"Lin-Manuel Miranda,Phillipa Soo,Leslie Odom Jr.",2020,"The real life of one of America's foremost founding fathers and first Secretary of the Treasury, Alexander Hamilton. Captured live on Broadway from the Richard Rodgers Theater with the origi...",2h 40m,"Biography,Drama,History",United States,8.3,Hamilton,,https://www.imdb.com//title/tt8503618/?ref_=chttp_i_121
"Paul Newman,Robert Redford,Robert Shaw",1973,Two grifters team up to pull off the ultimate con.,2h 9m,"Comedy,Crime,Drama",United States,8.3,The Sting,,https://www.imdb.com//title/tt0070735/?ref_=chttp_i_115
"Payman Maadi,Leila Hatami,Sareh Bayat",2011,A married couple are faced with a difficult decision - to improve the life of their child by moving to another country or to stay in Iran and look after a deteriorating parent who has Alzhei...,2h 3m,Drama,Iran,8.3,A Separation,Original title: Jodaeiye Nader az Simin,https://www.imdb.com//title/tt1832382/?ref_=chttp_i_116
"Bruce Willis,Alan Rickman,Bonnie Bedelia",1988,A New York City police officer tries to save his estranged wife and several others taken hostage by terrorists during a Christmas party at the Nakatomi Plaza in Los Angeles.,2h 12m,"Action,Thriller",United States,8.2,Die Hard,,https://www.imdb.com//title/tt0095016/?ref_=chttp_i_118
"Gregory Peck,John Megna,Frank Overton",1962,"Atticus Finch, a widowed lawyer in Depression-era Alabama, defends a Black man against an undeserved rape charge, and tries to educate his young children against prejudice.",2h 9m,"Crime,Drama",United States,8.3,To Kill a Mockingbird,,https://www.imdb.com//title/tt0056592/?ref_=chttp_i_114
"Edward Asner,Jordan Nagai,John Ratzenberger",2009,"78-year-old Carl Fredricksen travels to Paradise Falls in his house equipped with balloons, inadvertently taking a young stowaway.",1h 36m,"Animation,Adventure,Comedy",United States,8.3,Up,,https://www.imdb.com//title/tt1049413/?ref_=chttp_i_113
"Harrison Ford,Sean Connery,Alison Doody",1989,"In 1938, after his father goes missing while pursuing the Holy Grail, Indiana Jones finds himself up against the Nazis again to stop them from obtaining its powers.",2h 7m,"Action,Adventure",United States,8.2,Indiana Jones and the Last Crusade,,https://www.imdb.com//title/tt0097576/?ref_=chttp_i_117
"Brigitte Helm,Alfred Abel,Gustav Fröhlich",1927,"In a futuristic city sharply divided between the working class and the city planners, the son of the city's mastermind falls in love with a working-class prophet who predicts the coming of a...",2h 33m,"Drama,Sci-Fi",Germany,8.3,Metropolis,,https://www.imdb.com//title/tt0017136/?ref_=chttp_i_119
"Darsheel Safary,Aamir Khan,Tisca Chopra",2007,"An eight-year-old boy is thought to be a lazy trouble-maker, until the new art teacher has the patience and compassion to discover the real problem behind his struggles in school.",2h 42m,"Drama,Family",India,8.3,Like Stars on Earth,Original title: Taare Zameen Par,https://www.imdb.com//title/tt0986264/?ref_=chttp_i_120
"Matthew Modine,R. Lee Ermey,Vincent D'Onofrio",1987,A pragmatic U.S. Marine observes the dehumanizing effects the Vietnam War has on his fellow recruits from their brutal boot camp training to the bloody street fighting in Hue.,1h 56m,"Drama,War",United Kingdom,8.3,Full Metal Jacket,,https://www.imdb.com//title/tt0093058/?ref_=chttp_i_110
"Malcolm McDowell,Patrick Magee,Michael Bates",1971,"In the future, a sadistic gang leader is imprisoned and volunteers for a conduct-aversion experiment, but it doesn't go as planned.",2h 16m,"Crime,Sci-Fi",United Kingdom,8.3,A Clockwork Orange,,https://www.imdb.com//title/tt0066921/?ref_=chttp_i_111
"Al Pacino,Michelle Pfeiffer,Steven Bauer",1983,"In 1980 Miami, a determined Cuban immigrant takes over a drug cartel and succumbs to greed.",2h 50m,"Crime,Drama",United States,8.3,Scarface,,https://www.imdb.com//title/tt0086250/?ref_=chttp_i_108
"Al Pacino,Robert De Niro,Val Kilmer",1995,A group of high-end professional thieves start to feel the heat from the LAPD when they unknowingly leave a verbal clue at their latest heist.,2h 50m,"Action,Crime,Drama",United States,8.3,Heat,,https://www.imdb.com//title/tt0113277/?ref_=chttp_i_112
"Peter Lorre,Ellen Widmann,Inge Landgut",1931,"When the police in a German city are unable to catch a child-murderer, other criminals join in the manhunt.",1h 39m,"Crime,Mystery,Thriller",Germany,8.3,M,Original title: M - Eine Stadt sucht einen Mörder,https://www.imdb.com//title/tt0022100/?ref_=chttp_i_105
"Lubna Azabal,Mélissa Désormeaux-Poulin,Maxim Gaudette",2010,Twins journey to the Middle East to discover their family history and fulfill their mother's last wishes.,2h 11m,"Drama,Mystery,War",Canada,8.3,Incendies,,https://www.imdb.com//title/tt1255953/?ref_=chttp_i_106
"Orson Welles,Joseph Cotten,Dorothy Comingore",1941,"Following the death of publishing tycoon Charles Foster Kane, reporters scramble to uncover the meaning of his final utterance: 'Rosebud.'",1h 59m,"Drama,Mystery",United States,8.3,Citizen Kane,,https://www.imdb.com//title/tt0033467/?ref_=chttp_i_103
"Cary Grant,Eva Marie Saint,James Mason",1959,"A New York City advertising executive goes on the run after being mistaken for a government agent by a group of foreign spies, and falls for a woman whose loyalties he begins to doubt.",2h 16m,"Action,Adventure,Mystery",United States,8.3,North by Northwest,,https://www.imdb.com//title/tt0053125/?ref_=chttp_i_102
"Fred MacMurray,Barbara Stanwyck,Edward G. Robinson",1944,"A Los Angeles insurance representative lets an alluring housewife seduce him into a scheme of insurance fraud and murder that arouses the suspicion of his colleague, an insurance investigato...",1h 47m,"Crime,Drama,Film-Noir",United States,8.3,Double Indemnity,,https://www.imdb.com//title/tt0036775/?ref_=chttp_i_107
"Jack Lemmon,Shirley MacLaine,Fred MacMurray",1960,"A Manhattan insurance clerk tries to rise in his company by letting its executives use his apartment for trysts, but complications and a romance of his own ensue.",2h 5m,"Comedy,Drama,Romance",United States,8.3,The Apartment,,https://www.imdb.com//title/tt0053604/?ref_=chttp_i_101
"Peter O'Toole,Alec Guinness,Anthony Quinn",1962,"The story of T.E. Lawrence, the English officer who successfully united and led the diverse, often warring, Arab tribes during World War I in order to fight the Turks.",3h 38m,"Adventure,Biography,Drama",United Kingdom,8.3,Lawrence of Arabia,,https://www.imdb.com//title/tt0056172/?ref_=chttp_i_100
"Takashi Shimura,Nobuo Kaneko,Shin'ichi Himori",1952,A bureaucrat tries to find meaning in his life after he discovers he has terminal cancer.,2h 23m,Drama,Japan,8.3,Ikiru,,https://www.imdb.com//title/tt0044741/?ref_=chttp_i_99
"James Stewart,Kim Novak,Barbara Bel Geddes",1958,"A former San Francisco police detective juggles wrestling with his personal demons and becoming obsessed with the hauntingly beautiful woman he has been hired to trail, who may be deeply dis...",2h 8m,"Mystery,Romance,Thriller",United States,8.3,Vertigo,,https://www.imdb.com//title/tt0052357/?ref_=chttp_i_104
"Mads Mikkelsen,Thomas Bo Larsen,Annika Wedderkopp",2012,"A teacher lives a lonely life, all the while struggling over his son's custody. His life slowly gets better as he finds love and receives good news from his son, but his new luck is about to...",1h 55m,Drama,Denmark,8.3,The Hunt,Original title: Jagten,https://www.imdb.com//title/tt2106476/?ref_=chttp_i_96
"Keir Dullea,Gary Lockwood,William Sylvester",1968,"After uncovering a mysterious artifact buried beneath the Lunar surface, a spacecraft is sent to Jupiter to find its origins: a spacecraft manned by two men and the supercomputer HAL 9000.",2h 29m,"Adventure,Sci-Fi",United Kingdom,8.3,2001: A Space Odyssey,,https://www.imdb.com//title/tt0062622/?ref_=chttp_i_97
"Harvey Keitel,Tim Roth,Michael Madsen",1992,"When a simple jewelry heist goes horribly wrong, the surviving criminals begin to suspect that one of them is a police informant.",1h 39m,"Crime,Thriller",United States,8.3,Reservoir Dogs,,https://www.imdb.com//title/tt0105236/?ref_=chttp_i_98
"Mark Hamill,Harrison Ford,Carrie Fisher",1983,"After rescuing Han Solo from Jabba the Hutt, the Rebels attempt to destroy the second Death Star, while Luke struggles to help Darth Vader back from the dark side.",2h 11m,"Action,Adventure,Fantasy",United States,8.3,Star Wars: Episode VI - Return of the Jedi,,https://www.imdb.com//title/tt0086190/?ref_=chttp_i_94
"Jim Carrey,Kate Winslet,Tom Wilkinson",2004,"When their relationship turns sour, a couple undergoes a medical procedure to have each other erased from their memories for ever.",1h 48m,"Drama,Romance,Sci-Fi",United States,8.3,Eternal Sunshine of the Spotless Mind,,https://www.imdb.com//title/tt0338013/?ref_=chttp_i_95
"Tom Hanks,Tim Allen,Joan Cusack",2010,"The toys are mistakenly delivered to a day-care center instead of the attic right before Andy leaves for college, and it's up to Woody to convince the other toys that they weren't abandoned ...",1h 43m,"Animation,Adventure,Comedy",United States,8.3,Toy Story 3,,https://www.imdb.com//title/tt0435761/?ref_=chttp_i_93
"Aleksey Kravchenko,Olga Mironova,Liubomiras Laucevicius",1985,"After finding an old rifle, a young boy joins the Soviet resistance movement against ruthless German forces and experiences the horrors of World War II.",2h 22m,"Drama,Thriller,War",Soviet Union,8.4,Come and See,Original title: Idi i smotri,https://www.imdb.com//title/tt0091251/?ref_=chttp_i_92
"Ellen Burstyn,Jared Leto,Jennifer Connelly",2000,The drug-induced utopias of four Coney Island people are shattered when their addictions run deep.,1h 42m,Drama,United States,8.3,Requiem for a Dream,,https://www.imdb.com//title/tt0180093/?ref_=chttp_i_91
"Gene Kelly,Donald O'Connor,Debbie Reynolds",1952,A silent film star falls for a chorus girl just as he and his delusionally jealous screen partner are trying to make the difficult transition to talking pictures in 1920s Hollywood.,1h 43m,"Comedy,Musical,Romance",United States,8.3,Singin' in the Rain,,https://www.imdb.com//title/tt0045152/?ref_=chttp_i_89
"Zain Al Rafeea,Yordanos Shiferaw,Boluwatife Treasure Bankole",2018,"While serving a five-year sentence for a violent crime, a 12-year-old boy sues his parents for neglect.",2h 6m,Drama,Lebanon,8.4,Capernaum,Original title: Capharnaüm,https://www.imdb.com//title/tt8267604/?ref_=chttp_i_90
"Aamir Khan,Madhavan,Mona Singh",2009,"Two friends are searching for their long lost companion. They revisit their college days and recall the memories of their friend who inspired them to think differently, even as the rest of t...",2h 50m,"Comedy,Drama",India,8.4,3 Idiots,,https://www.imdb.com//title/tt1187043/?ref_=chttp_i_87
"Cillian Murphy,Emily Blunt,Matt Damon",2023,The story of American scientist J. Robert Oppenheimer and his role in the development of the atomic bomb.,3h,"Biography,Drama,History",United States,8.3,Oppenheimer,,https://www.imdb.com//title/tt15398776/?ref_=chttp_i_88
"Ryunosuke Kamiki,Mone Kamishiraishi,Ryo Narita",2016,"Two teenagers share a profound, magical connection upon discovering they are swapping bodies. Things manage to become even more complicated when the boy and girl decide to meet in person.",1h 46m,"Animation,Drama,Fantasy",Japan,8.4,Your Name.,Original title: Kimi no na wa.,https://www.imdb.com//title/tt5311514/?ref_=chttp_i_84
"Robert De Niro,James Woods,Elizabeth McGovern",1984,"A former Prohibition-era Jewish gangster returns to the Lower East Side of Manhattan 35 years later, where he must once again confront the ghosts and regrets of his old life.",3h 49m,"Crime,Drama",United States,8.3,Once Upon a Time in America,,https://www.imdb.com//title/tt0087843/?ref_=chttp_i_85
"Robin Williams,Matt Damon,Ben Affleck",1997,"Will Hunting, a janitor at M.I.T., has a gift for mathematics, but needs help from a psychologist to find direction in his life.",2h 6m,"Drama,Romance",United States,8.3,Good Will Hunting,,https://www.imdb.com//title/tt0119217/?ref_=chttp_i_83
"Joaquin Phoenix,Robert De Niro,Zazie Beetz",2019,"During the 1980s, a failed stand-up comedian is driven insane and turns to a life of crime and chaos in Gotham City while becoming an infamous psychopathic crime figure.",2h 2m,"Crime,Drama,Thriller",United States,8.4,Joker,,https://www.imdb.com//title/tt7286456/?ref_=chttp_i_81
"Yôji Matsuda,Yuriko Ishida,Yûko Tanaka",1997,"On a journey to find the cure for a Tatarigami's curse, Ashitaka finds himself in the middle of a war between the forest gods and Tatara, a mining colony. In this quest he also meets San, th...",2h 14m,"Animation,Action,Adventure",Japan,8.3,Princess Mononoke,Original title: Mononoke-hime,https://www.imdb.com//title/tt0119698/?ref_=chttp_i_82
"Robert Downey Jr.,Chris Evans,Mark Ruffalo",2019,"After the devastating events of Avengers: Infinity War (2018), the universe is in ruins. With the help of remaining allies, the Avengers assemble once more in order to reverse Thanos' action...",3h 1m,"Action,Adventure,Drama",United States,8.4,Avengers: Endgame,,https://www.imdb.com//title/tt4154796/?ref_=chttp_i_80
"Mel Gibson,Sophie Marceau,Patrick McGoohan",1995,Scottish warrior William Wallace leads his countrymen in a rebellion to free his homeland from the tyranny of King Edward I of England.,2h 58m,"Biography,Drama,War",United States,8.3,Braveheart,,https://www.imdb.com//title/tt0112573/?ref_=chttp_i_79
"Jürgen Prochnow,Herbert Grönemeyer,Klaus Wennemann",1981,A German U-boat stalks the frigid waters of the North Atlantic as its young crew experience the sheer terror and claustrophobic life of a submariner in World War II.,,"Drama,War",West Germany,8.4,The Boat,Original title: Das Boot,https://www.imdb.com//title/tt0082096/?ref_=chttp_i_78
"Toshirô Mifune,Yutaka Sada,Tatsuya Nakadai",1963,An executive of a Yokohama shoe company becomes a victim of extortion when his chauffeur's son is kidnapped by mistake and held for ransom.,2h 23m,"Crime,Drama,Mystery",Japan,8.4,High and Low,Original title: Tengoku to jigoku,https://www.imdb.com//title/tt0057565/?ref_=chttp_i_86
"Anthony Gonzalez,Gael García Bernal,Benjamin Bratt",2017,"Aspiring musician Miguel, confronted with his family's ancestral ban on music, enters the Land of the Dead to find his great-great-grandfather, a legendary singer.",1h 45m,"Animation,Adventure,Drama",United States,8.4,Coco,,https://www.imdb.com//title/tt2380307/?ref_=chttp_i_75
"F. Murray Abraham,Tom Hulce,Elizabeth Berridge",1984,"The life, success and troubles of Wolfgang Amadeus Mozart, as told by Antonio Salieri, the contemporaneous composer who was deeply jealous of Mozart's talent and claimed to have murdered him...",2h 40m,"Biography,Drama,Music",United States,8.4,Amadeus,,https://www.imdb.com//title/tt0086879/?ref_=chttp_i_76
"Tom Hanks,Tim Allen,Don Rickles",1995,A cowboy doll is profoundly threatened and jealous when a new spaceman action figure supplants him as top toy in a boy's bedroom.,1h 21m,"Animation,Adventure,Comedy",United States,8.3,Toy Story,,https://www.imdb.com//title/tt0114709/?ref_=chttp_i_77
"Kevin Spacey,Annette Bening,Thora Birch",1999,A sexually frustrated suburban father has a mid-life crisis after becoming infatuated with his daughter's best friend.,2h 2m,Drama,United States,8.3,American Beauty,,https://www.imdb.com//title/tt0169547/?ref_=chttp_i_73
"Choi Min-sik,Yoo Ji-tae,Kang Hye-jeong",2003,"After being kidnapped and imprisoned for fifteen years, Oh Dae-Su is released, only to find that he must find his captor in five days.",2h,"Action,Drama,Mystery",South Korea,8.3,Oldboy,Original title: Oldeuboi,https://www.imdb.com//title/tt0364569/?ref_=chttp_i_74
"Christian Bale,Tom Hardy,Anne Hathaway",2012,"Eight years after the Joker's reign of chaos, Batman is coerced out of exile with the assistance of the mysterious Selina Kyle in order to defend Gotham City from the vicious guerrilla terro...",2h 44m,"Action,Drama,Thriller",United States,8.4,The Dark Knight Rises,,https://www.imdb.com//title/tt1345836/?ref_=chttp_i_71
"Peter Sellers,George C. Scott,Sterling Hayden",1964,"An insane American general orders a bombing attack on the Soviet Union, triggering a path to nuclear holocaust that a war room full of politicians and generals frantically tries to stop.",1h 35m,"Comedy,War",United Kingdom,8.4,Dr. Strangelove or: How I Learned to Stop Worrying and Love the Bomb,,https://www.imdb.com//title/tt0057012/?ref_=chttp_i_72
"Brad Pitt,Diane Kruger,Eli Roth",2009,"In Nazi-occupied France during World War II, a plan to assassinate Nazi leaders by a group of Jewish U.S. soldiers coincides with a theatre owner's vengeful plans for the same.",2h 33m,"Adventure,Drama,War",Germany,8.4,Inglourious Basterds,,https://www.imdb.com//title/tt0361748/?ref_=chttp_i_70
"Sigourney Weaver,Michael Biehn,Carrie Henn",1986,"Decades after surviving the Nostromo incident, Ellen Ripley is sent out to re-establish contact with a terraforming colony but finds herself battling the Alien Queen and her offspring.",2h 17m,"Action,Adventure,Sci-Fi",United Kingdom,8.4,Aliens,,https://www.imdb.com//title/tt0090605/?ref_=chttp_i_69
"Tyrone Power,Marlene Dietrich,Charles Laughton",1957,A veteran British barrister must defend his client in a murder trial that has surprise after surprise.,1h 56m,"Crime,Drama,Mystery",United States,8.4,Witness for the Prosecution,,https://www.imdb.com//title/tt0051201/?ref_=chttp_i_67
"Shameik Moore,Jake Johnson,Hailee Steinfeld",2018,Teen Miles Morales becomes the Spider-Man of his universe and must join with five spider-powered individuals from other dimensions to stop a threat for all realities.,1h 57m,"Animation,Action,Adventure",Canada,8.4,Spider-Man: Into the Spider-Verse,,https://www.imdb.com//title/tt4633694/?ref_=chttp_i_65
"Charles Chaplin,Paulette Goddard,Jack Oakie",1940,Dictator Adenoid Hynkel tries to expand his empire while a poor Jewish barber tries to avoid persecution from Hynkel's regime.,2h 5m,"Comedy,Drama,War",United States,8.4,The Great Dictator,,https://www.imdb.com//title/tt0032553/?ref_=chttp_i_68
"Robert Downey Jr.,Chris Hemsworth,Mark Ruffalo",2018,The Avengers and their allies must be willing to sacrifice all in an attempt to defeat the powerful Thanos before his blitz of devastation and ruin puts an end to the universe.,2h 29m,"Action,Adventure,Sci-Fi",United States,8.4,Avengers: Infinity War,,https://www.imdb.com//title/tt4154756/?ref_=chttp_i_64
"William Holden,Gloria Swanson,Erich von Stroheim",1950,A screenwriter develops a dangerous relationship with a faded film star determined to make a triumphant return.,1h 50m,"Drama,Film-Noir",United States,8.4,Sunset Blvd.,Original title: Sunset Boulevard,https://www.imdb.com//title/tt0043014/?ref_=chttp_i_62
"Harrison Ford,Karen Allen,Paul Freeman",1981,"In 1936, archaeologist and adventurer Indiana Jones is hired by the U.S. government to find the Ark of the Covenant before the Nazis can obtain its awesome powers.",1h 55m,"Action,Adventure",United States,8.4,Raiders of the Lost Ark,,https://www.imdb.com//title/tt0082971/?ref_=chttp_i_60
"Jack Nicholson,Shelley Duvall,Danny Lloyd",1980,"A family heads to an isolated hotel for the winter where a sinister presence influences the father into violence, while his psychic son sees horrific forebodings from both past and future.",2h 26m,"Drama,Horror",United Kingdom,8.4,The Shining,,https://www.imdb.com//title/tt0081505/?ref_=chttp_i_66
"Kirk Douglas,Ralph Meeker,Adolphe Menjou",1957,"After a failed attack on a German position, a general orders three soldiers, chosen at random, court-martialed for cowardice and their commanding officer must defend them.",1h 28m,"Drama,War",United States,8.4,Paths of Glory,,https://www.imdb.com//title/tt0050825/?ref_=chttp_i_63
"Ulrich Mühe,Martina Gedeck,Sebastian Koch",2006,"In 1984 East Berlin, an agent of the secret police, conducting surveillance on a writer and his lover, finds himself becoming increasingly absorbed by their lives.",2h 17m,"Drama,Mystery,Thriller",Germany,8.4,The Lives of Others,Original title: Das Leben der Anderen,https://www.imdb.com//title/tt0405094/?ref_=chttp_i_61
"Ben Burtt,Elissa Knight,Jeff Garlin",2008,"In the distant future, a small waste-collecting robot inadvertently embarks on a space journey that will ultimately decide the fate of mankind.",1h 38m,"Animation,Adventure,Family",United States,8.4,WALL·E,,https://www.imdb.com//title/tt0910970/?ref_=chttp_i_59
"Guy Pearce,Carrie-Anne Moss,Joe Pantoliano",2000,A man with short-term memory loss attempts to track down his wife's murderer.,1h 53m,"Mystery,Thriller",United States,8.4,Memento,,https://www.imdb.com//title/tt0209144/?ref_=chttp_i_58
"Jamie Foxx,Christoph Waltz,Leonardo DiCaprio",2012,"With the help of a German bounty-hunter, a freed slave sets out to rescue his wife from a brutal plantation owner in Mississippi.",2h 45m,"Drama,Western",United States,8.5,Django Unchained,,https://www.imdb.com//title/tt1853728/?ref_=chttp_i_57
"Vikrant Massey,Medha Shankr,Anant Joshi",2023,The real-life story of IPS Officer Manoj Kumar Sharma and IRS Officer Shraddha Joshi.,,"Biography,Drama",India,9.0,12th Fail,,https://www.imdb.com//title/tt23849204/?ref_=chttp_i_55
"Charles Chaplin,Virginia Cherrill,Florence Lee",1931,"With the aid of a wealthy erratic tippler, a dewy-eyed tramp who has fallen in love with a sightless flower girl accumulates money to be able to help her medically.",1h 27m,"Comedy,Drama,Romance",United States,8.5,City Lights,,https://www.imdb.com//title/tt0021749/?ref_=chttp_i_54
"Martin Sheen,Marlon Brando,Robert Duvall",1979,A U.S. Army officer serving in Vietnam is tasked with assassinating a renegade Special Forces Colonel who sees himself as a god.,2h 27m,"Drama,Mystery,War",United States,8.4,Apocalypse Now,,https://www.imdb.com//title/tt0078788/?ref_=chttp_i_56
"Sigourney Weaver,Tom Skerritt,John Hurt",1979,The crew of a commercial spacecraft encounters a deadly lifeform after investigating a mysterious transmission of unknown origin.,1h 57m,"Horror,Sci-Fi",United Kingdom,8.5,Alien,,https://www.imdb.com//title/tt0078748/?ref_=chttp_i_53
"Henry Fonda,Charles Bronson,Claudia Cardinale",1968,A mysterious stranger with a harmonica joins forces with a notorious desperado to protect a beautiful widow from a ruthless assassin working for the railroad.,2h 46m,Western,Italy,8.5,Once Upon a Time in the West,Original title: C'era una volta il West,https://www.imdb.com//title/tt0064116/?ref_=chttp_i_52
"Charles Chaplin,Paulette Goddard,Henry Bergman",1936,The Tramp struggles to live in modern industrial society with the help of a young homeless woman.,1h 27m,"Comedy,Drama,Romance",United States,8.5,Modern Times,,https://www.imdb.com//title/tt0027977/?ref_=chttp_i_50
"James Stewart,Grace Kelly,Wendell Corey",1954,"A photographer in a wheelchair spies on his neighbors from his Greenwich Village courtyard apartment window, and becomes convinced one of them has committed murder, despite the skepticism of...",1h 52m,"Mystery,Thriller",United States,8.5,Rear Window,,https://www.imdb.com//title/tt0047396/?ref_=chttp_i_51
"Philippe Noiret,Enzo Cannavale,Antonella Attili",1988,A filmmaker recalls his childhood when falling in love with the pictures at the cinema of his home village and forms a deep friendship with the cinema's projectionist.,2h 54m,"Drama,Romance",Italy,8.5,Cinema Paradiso,Original title: Nuovo Cinema Paradiso,https://www.imdb.com//title/tt0095765/?ref_=chttp_i_49
"Humphrey Bogart,Ingrid Bergman,Paul Henreid",1942,A cynical expatriate American cafe owner struggles to decide whether or not to help his former lover and her fugitive husband escape the Nazis in French Morocco.,1h 42m,"Drama,Romance,War",United States,8.5,Casablanca,,https://www.imdb.com//title/tt0034583/?ref_=chttp_i_47
"François Cluzet,Omar Sy,Anne Le Ny",2011,"After he becomes a quadriplegic from a paragliding accident, an aristocrat hires a young man from the projects to be his caregiver.",1h 52m,"Comedy,Drama",France,8.5,The Intouchables,Original title: Intouchables,https://www.imdb.com//title/tt1675434/?ref_=chttp_i_48
"Kevin Spacey,Gabriel Byrne,Chazz Palminteri",1995,The sole survivor of a pier shoot-out tells the story of how a notorious criminal influenced the events that began with five criminals meeting in a seemingly random police lineup.,1h 46m,"Crime,Drama,Mystery",United States,8.5,The Usual Suspects,,https://www.imdb.com//title/tt0114814/?ref_=chttp_i_46
"Tatsuya Nakadai,Akira Ishihama,Shima Iwashita",1962,"When a ronin requesting seppuku at a feudal lord's palace is told of the brutal suicide of another ronin who previously visited, he reveals how their pasts are intertwined - and in doing so ...",2h 13m,"Action,Drama,Mystery",Japan,8.6,Harakiri,Original title: Seppuku,https://www.imdb.com//title/tt0056058/?ref_=chttp_i_45
"Christian Bale,Hugh Jackman,Scarlett Johansson",2006,"After a tragic accident, two stage magicians in 1890s London engage in a battle to create the ultimate illusion while sacrificing everything they have to outwit each other.",2h 10m,"Drama,Mystery,Sci-Fi",United Kingdom,8.5,The Prestige,,https://www.imdb.com//title/tt0482571/?ref_=chttp_i_43
"Edward Norton,Edward Furlong,Beverly D'Angelo",1998,"Living a life marked by violence, neo-Nazi Derek finally goes to prison after killing two black youths. Upon his release, Derek vows to change; he hopes to prevent his brother, Danny, who id...",1h 59m,"Crime,Drama",United States,8.5,American History X,,https://www.imdb.com//title/tt0120586/?ref_=chttp_i_41
"Miles Teller,J.K. Simmons,Melissa Benoist",2014,A promising young drummer enrolls at a cut-throat music conservatory where his dreams of greatness are mentored by an instructor who will stop at nothing to realize a student's potential.,1h 46m,"Drama,Music",United States,8.5,Whiplash,,https://www.imdb.com//title/tt2582802/?ref_=chttp_i_42
"Leonardo DiCaprio,Matt Damon,Jack Nicholson",2006,An undercover cop and a mole in the police attempt to identify each other while infiltrating an Irish gang in South Boston.,2h 31m,"Crime,Drama,Thriller",United States,8.5,The Departed,,https://www.imdb.com//title/tt0407887/?ref_=chttp_i_40
"Jean Reno,Gary Oldman,Natalie Portman",1994,"12-year-old Mathilda is reluctantly taken in by Léon, a professional assassin, after her family is murdered. An unusual relationship forms as she becomes his protégée and learns the assassin...",1h 50m,"Action,Crime,Drama",France,8.5,Léon: The Professional,Original title: Léon,https://www.imdb.com//title/tt0110413/?ref_=chttp_i_39
"Matthew Broderick,Jeremy Irons,James Earl Jones",1994,"Lion prince Simba and his father are targeted by his bitter uncle, who wants to ascend the throne himself.",1h 28m,"Animation,Adventure,Drama",United States,8.5,The Lion King,,https://www.imdb.com//title/tt0110357/?ref_=chttp_i_38
"Russell Crowe,Joaquin Phoenix,Connie Nielsen",2000,A former Roman General sets out to exact vengeance against the corrupt emperor who murdered his family and sent him into slavery.,2h 35m,"Action,Adventure,Drama",United States,8.5,Gladiator,,https://www.imdb.com//title/tt0172495/?ref_=chttp_i_37
"Anthony Perkins,Janet Leigh,Vera Miles",1960,"A Phoenix secretary embezzles $40,000 from her employer's client, goes on the run and checks into a remote motel run by a young man under the domination of his mother.",1h 49m,"Horror,Mystery,Thriller",United States,8.5,Psycho,,https://www.imdb.com//title/tt0054215/?ref_=chttp_i_36
"Morgan Freeman,Brad Pitt,Kevin Spacey",1995,"Two detectives, a rookie and a veteran, hunt a serial killer who uses the seven deadly sins as his motives.",2h 7m,"Crime,Drama,Mystery",United States,8.6,Se7en,,https://www.imdb.com//title/tt0114369/?ref_=chttp_i_20
"Jack Nicholson,Louise Fletcher,Michael Berryman",1975,"In the Fall of 1963, a Korean War veteran and criminal pleads insanity and is admitted to a mental institution, where he rallies up the scared patients against the tyrannical nurse.",2h 13m,Drama,United States,8.7,One Flew Over the Cuckoo's Nest,,https://www.imdb.com//title/tt0073486/?ref_=chttp_i_19
"Tsutomu Tatsumi,Ayano Shiraishi,Akemi Yamaguchi",1988,A young boy and his little sister struggle to survive in Japan during World War II.,1h 29m,"Animation,Drama,War",Japan,8.5,Grave of the Fireflies,Original title: Hotaru no haka,https://www.imdb.com//title/tt0095327/?ref_=chttp_i_44
"Robert De Niro,Ray Liotta,Joe Pesci",1990,"The story of Henry Hill and his life in the mafia, covering his relationship with his wife Karen and his mob partners Jimmy Conway and Tommy DeVito.",2h 25m,"Biography,Crime,Drama",United States,8.7,Goodfellas,,https://www.imdb.com//title/tt0099685/?ref_=chttp_i_18
"Keanu Reeves,Laurence Fishburne,Carrie-Anne Moss",1999,"When a beautiful stranger leads computer hacker Neo to a forbidding underworld, he discovers the shocking truth--the life he knows is the elaborate deception of an evil cyber-intelligence.",2h 16m,"Action,Sci-Fi",United States,8.7,The Matrix,,https://www.imdb.com//title/tt0133093/?ref_=chttp_i_17
"Leonardo DiCaprio,Joseph Gordon-Levitt,Elliot Page",2010,"A thief who steals corporate secrets through the use of dream-sharing technology is given the inverse task of planting an idea into the mind of a C.E.O., but his tragic past may doom the pro...",2h 28m,"Action,Adventure,Sci-Fi",United States,8.8,Inception,,https://www.imdb.com//title/tt1375666/?ref_=chttp_i_15
"Mark Hamill,Harrison Ford,Carrie Fisher",1980,"After the Rebels are overpowered by the Empire, Luke Skywalker begins his Jedi training with Yoda, while his friends are pursued across the galaxy by Darth Vader and bounty hunter Boba Fett.",2h 4m,"Action,Adventure,Fantasy",United States,8.7,Star Wars: Episode V - The Empire Strikes Back,,https://www.imdb.com//title/tt0080684/?ref_=chttp_i_16
"Timothée Chalamet,Zendaya,Rebecca Ferguson",2024,Paul Atreides unites with Chani and the Fremen while seeking revenge against the conspirators who destroyed his family.,2h 46m,"Action,Adventure,Drama",United States,8.8,Dune: Part Two,,https://www.imdb.com//title/tt15239678/?ref_=chttp_i_14
"Tom Hanks,Robin Wright,Gary Sinise",1994,"The history of the United States from the 1950s to the '70s unfolds from the perspective of an Alabama man with an IQ of 75, who yearns to be reunited with his childhood sweetheart.",2h 22m,"Drama,Romance",United States,8.8,Forrest Gump,,https://www.imdb.com//title/tt0109830/?ref_=chttp_i_11
"Elijah Wood,Ian McKellen,Viggo Mortensen",2002,"While Frodo and Sam edge closer to Mordor with the help of the shifty Gollum, the divided fellowship makes a stand against Sauron's new ally, Saruman, and his hordes of Isengard.",2h 59m,"Action,Adventure,Drama",New Zealand,8.8,The Lord of the Rings: The Two Towers,,https://www.imdb.com//title/tt0167261/?ref_=chttp_i_12
"Clint Eastwood,Eli Wallach,Lee Van Cleef",1966,A bounty hunting scam joins two men in an uneasy alliance against a third in a race to find a fortune in gold buried in a remote cemetery.,2h 58m,"Adventure,Western",Italy,8.8,"The Good, the Bad and the Ugly","Original title: Il buono, il brutto, il cattivo",https://www.imdb.com//title/tt0060196/?ref_=chttp_i_10
"Brad Pitt,Edward Norton,Meat Loaf",1999,An insomniac office worker and a devil-may-care soap maker form an underground fight club that evolves into much more.,2h 19m,Drama,Germany,8.8,Fight Club,,https://www.imdb.com//title/tt0137523/?ref_=chttp_i_13
"Elijah Wood,Ian McKellen,Orlando Bloom",2001,A meek Hobbit from the Shire and eight companions set out on a journey to destroy the powerful One Ring and save Middle-earth from the Dark Lord Sauron.,2h 58m,"Action,Adventure,Drama",New Zealand,8.9,The Lord of the Rings: The Fellowship of the Ring,,https://www.imdb.com//title/tt0120737/?ref_=chttp_i_9
"John Travolta,Uma Thurman,Samuel L. Jackson",1994,"The lives of two mob hitmen, a boxer, a gangster and his wife, and a pair of diner bandits intertwine in four tales of violence and redemption.",2h 34m,"Crime,Drama",United States,8.9,Pulp Fiction,,https://www.imdb.com//title/tt0110912/?ref_=chttp_i_8
"Liam Neeson,Ralph Fiennes,Ben Kingsley",1993,"In German-occupied Poland during World War II, industrialist Oskar Schindler gradually becomes concerned for his Jewish workforce after witnessing their persecution by the Nazis.",3h 15m,"Biography,Drama,History",United States,9.0,Schindler's List,,https://www.imdb.com//title/tt0108052/?ref_=chttp_i_6
"Elijah Wood,Viggo Mortensen,Ian McKellen",2003,Gandalf and Aragorn lead the World of Men against Sauron's army to draw his gaze from Frodo and Sam as they approach Mount Doom with the One Ring.,3h 21m,"Action,Adventure,Drama",New Zealand,9.0,The Lord of the Rings: The Return of the King,,https://www.imdb.com//title/tt0167260/?ref_=chttp_i_7
"Henry Fonda,Lee J. Cobb,Martin Balsam",1957,The jury in a New York City murder trial is frustrated by a single member whose skeptical caution forces them to more carefully consider the evidence before jumping to a hasty verdict.,1h 36m,"Crime,Drama",United States,9.0,12 Angry Men,,https://www.imdb.com//title/tt0050083/?ref_=chttp_i_5
"Christian Bale,Heath Ledger,Aaron Eckhart",2008,"When the menace known as the Joker wreaks havoc and chaos on the people of Gotham, Batman must accept one of the greatest psychological and physical tests of his ability to fight injustice.",2h 32m,"Action,Crime,Drama",United States,9.0,The Dark Knight,,https://www.imdb.com//title/tt0468569/?ref_=chttp_i_3
"Al Pacino,Robert De Niro,Robert Duvall",1974,"The early life and career of Vito Corleone in 1920s New York City is portrayed, while his son, Michael, expands and tightens his grip on the family crime syndicate.",3h 22m,"Crime,Drama",United States,9.0,The Godfather Part II,,https://www.imdb.com//title/tt0071562/?ref_=chttp_i_4
"Marlon Brando,Al Pacino,James Caan",1972,The aging patriarch of an organized crime dynasty transfers control of his clandestine empire to his reluctant son.,2h 55m,"Crime,Drama",United States,9.2,The Godfather,,https://www.imdb.com//title/tt0068646/?ref_=chttp_i_2
"Audrey Tautou,Mathieu Kassovitz,Rufus",2001,"Despite being caught in her imaginative world, Amelie, a young waitress, decides to help people find happiness. Her quest to spread joy leads her on a journey where she finds true love.",2h 2m,"Comedy,Romance",France,8.3,Amélie,Original title: Le fabuleux destin d'Amélie Poulain,https://www.imdb.com//title/tt0211915/?ref_=chttp_i_109
